66.0 APEX_CODE,FINEST;APEX_PROFILING,FINEST;CALLOUT,FINEST;DATA_ACCESS,INFO;DB,FINEST;NBA,FINE;SYSTEM,FINE;VALIDATION,INFO;VISUALFORCE,FINER;WAVE,FINEST;WORKFLOW,FINER
18:18:45.0 (128693)|USER_INFO|[EXTERNAL]|0051n000006PLOd|aleksandr.novikov@interpipe.biz.newdev|(GMT+03:00) Eastern European Summer Time (Europe/Bucharest)|GMT+03:00
18:18:45.0 (198734)|EXECUTION_STARTED
18:18:45.0 (213130)|CODE_UNIT_STARTED|[EXTERNAL]|01pRR00000OhS4r|InboundBatchFinalizer
18:18:45.0 (593947)|HEAP_ALLOCATE|[EXTERNAL]|Bytes:76
18:18:45.0 (631923)|HEAP_ALLOCATE|[EXTERNAL]|Bytes:19
18:18:45.0 (645278)|METHOD_ENTRY|[1]|01pRR00000OhS4r|InboundBatchFinalizer.InboundBatchFinalizer()
18:18:45.0 (649886)|STATEMENT_EXECUTE|[1]
18:18:45.0 (655645)|STATEMENT_EXECUTE|[1]
18:18:45.0 (674637)|HEAP_ALLOCATE|[68]|Bytes:5
18:18:45.0 (703182)|HEAP_ALLOCATE|[74]|Bytes:5
18:18:45.0 (709700)|HEAP_ALLOCATE|[82]|Bytes:7
18:18:45.0 (1358438)|SYSTEM_MODE_ENTER|false
18:18:45.0 (1548237)|HEAP_ALLOCATE|[EXTERNAL]|Bytes:5
18:18:45.0 (1561988)|SYSTEM_MODE_EXIT|false
18:18:45.0 (1573266)|METHOD_EXIT|[1]|InboundBatchFinalizer
18:18:45.0 (1577392)|HEAP_ALLOCATE|[EXTERNAL]|Bytes:4
18:18:45.0 (1580047)|HEAP_ALLOCATE|[EXTERNAL]|Bytes:12
18:18:45.0 (1659959)|HEAP_ALLOCATE|[EXTERNAL]|Bytes:8
18:18:45.0 (1670716)|VARIABLE_SCOPE_BEGIN|[33]|this|InboundBatchFinalizer|true|false
18:18:45.0 (1759972)|VARIABLE_ASSIGNMENT|[33]|this|{}|0x347e8bd7
18:18:45.0 (1764665)|VARIABLE_SCOPE_BEGIN|[33]|bc|Database.BatchableContext|true|false
18:18:45.0 (1978180)|VARIABLE_ASSIGNMENT|[33]|bc|{"childJobId":"707RR00001I2iEqYAJ","jobId":"707RR00001I2qn5YAB"}|0x7a765716
18:18:45.0 (1983985)|VARIABLE_SCOPE_BEGIN|[33]|scope|List<SObject>|true|false
18:18:45.0 (2060795)|VARIABLE_ASSIGNMENT|[33]|scope|[{"Id":"a0nRR000002s6aLYAQ"}]|0x46fc984e
18:18:45.0 (2074643)|SYSTEM_MODE_ENTER|false
18:18:45.0 (2080467)|HEAP_ALLOCATE|[35]|Bytes:5
18:18:45.0 (2084196)|STATEMENT_EXECUTE|[33]
18:18:45.0 (2161076)|SYSTEM_METHOD_ENTRY|[35]|List<ERP_InboundBatch__c>.isEmpty()
18:18:45.0 (2199794)|SYSTEM_METHOD_EXIT|[35]|List<ERP_InboundBatch__c>.isEmpty()
18:18:45.0 (2208853)|STATEMENT_EXECUTE|[35]
18:18:45.0 (2210159)|STATEMENT_EXECUTE|[37]
18:18:45.0 (34666378)|HEAP_ALLOCATE|[37]|Bytes:13
18:18:45.0 (34701717)|METHOD_ENTRY|[1]|01pRR00000LfIuX|AsyncConfigProvider.AsyncConfigProvider()
18:18:45.0 (34706909)|STATEMENT_EXECUTE|[1]
18:18:45.0 (34712466)|STATEMENT_EXECUTE|[1]
18:18:45.0 (34720308)|HEAP_ALLOCATE|[37]|Bytes:5
18:18:45.0 (34729981)|METHOD_EXIT|[1]|AsyncConfigProvider
18:18:45.0 (34758443)|METHOD_ENTRY|[37]|01pRR00000LfIuX|AsyncConfigProvider.get()
18:18:45.0 (40733292)|HEAP_ALLOCATE|[7]|Bytes:5
18:18:45.0 (40744420)|STATEMENT_EXECUTE|[6]
18:18:45.0 (40745725)|STATEMENT_EXECUTE|[7]
18:18:45.0 (40760845)|METHOD_ENTRY|[7]|01pRR00000LfIuX|AsyncConfigProvider.getDefault()
18:18:45.0 (40789504)|HEAP_ALLOCATE|[14]|Bytes:5
18:18:45.0 (40791765)|STATEMENT_EXECUTE|[13]
18:18:45.0 (40792621)|STATEMENT_EXECUTE|[14]
18:18:45.0 (40795723)|HEAP_ALLOCATE|[14]|Bytes:117
18:18:45.0 (40813955)|HEAP_ALLOCATE|[14]|Bytes:4
18:18:45.0 (41146579)|SOQL_EXECUTE_BEGIN|[14]|Aggregations:0|SELECT SyncLimit__c, QueueLimit__c, BatchSize__c, Timeout__c FROM Async_Config__mdt WHERE IsDefault__c = TRUE LIMIT 1
18:18:45.0 (59234416)|SOQL_EXECUTE_EXPLAIN|[14]|No explain plan is available
18:18:45.0 (59248510)|SOQL_EXECUTE_END|[14]|Rows:1
18:18:45.0 (59264395)|LIMIT_USAGE|[14]|SOQL_ROWS|1|50000
18:18:45.0 (59273443)|HEAP_ALLOCATE|[14]|Bytes:8
18:18:45.0 (59285231)|HEAP_ALLOCATE|[14]|Bytes:236
18:18:45.0 (59355199)|HEAP_ALLOCATE|[14]|Bytes:8
18:18:45.0 (59368480)|VARIABLE_SCOPE_BEGIN|[14]|cfgs|List<Async_Config__mdt>|true|false
18:18:45.0 (59471225)|VARIABLE_ASSIGNMENT|[14]|cfgs|[{"Timeout__c":50,"Id":"m0gRR000002X28LYAS","BatchSize__c":200,"SyncLimit__c":200,"QueueLimit__c":2000}]|0x4cac1ea7
18:18:45.0 (59522735)|SYSTEM_METHOD_ENTRY|[21]|List<Async_Config__mdt>.isEmpty()
18:18:45.0 (59548282)|SYSTEM_METHOD_EXIT|[21]|List<Async_Config__mdt>.isEmpty()
18:18:45.0 (59552844)|STATEMENT_EXECUTE|[21]
18:18:45.0 (59554422)|STATEMENT_EXECUTE|[27]
18:18:45.0 (59575109)|HEAP_ALLOCATE|[27]|Bytes:24
18:18:45.0 (59588240)|METHOD_ENTRY|[27]|01pRR00000LfIuX|AsyncConfigProvider.toConfig(Async_Config__mdt)
18:18:45.0 (59600307)|VARIABLE_SCOPE_BEGIN|[53]|cfg|Async_Config__mdt|true|false
18:18:45.0 (59901779)|VARIABLE_ASSIGNMENT|[53]|cfg|{"Timeout__c":50,"Id":"m0gRR000002X28LYAS","BatchSize__c":200,"SyncLimit__c":200,"QueueLimit__c":2000}|0x6ac087fb
18:18:45.0 (59915385)|HEAP_ALLOCATE|[54]|Bytes:5
18:18:45.0 (59917840)|STATEMENT_EXECUTE|[53]
18:18:45.0 (59918691)|STATEMENT_EXECUTE|[54]
18:18:45.0 (59923960)|HEAP_ALLOCATE|[54]|Bytes:1
18:18:45.0 (59941438)|METHOD_ENTRY|[1]|01pRR00000Lf81y|AsyncConfig.AsyncConfig()
18:18:45.0 (59943869)|STATEMENT_EXECUTE|[1]
18:18:45.0 (59946890)|STATEMENT_EXECUTE|[1]
18:18:45.0 (59952486)|METHOD_EXIT|[1]|AsyncConfig
18:18:45.0 (59967251)|HEAP_ALLOCATE|[54]|Bytes:20
18:18:45.0 (59986976)|CONSTRUCTOR_ENTRY|[54]|01pRR00000Lf81y|<init>()|AsyncConfig
18:18:45.0 (60015613)|VARIABLE_SCOPE_BEGIN|[7]|this|AsyncConfig|true|false
18:18:45.0 (60095394)|VARIABLE_ASSIGNMENT|[7]|this|{}|0x5683b130
18:18:45.0 (60099316)|STATEMENT_EXECUTE|[1]
18:18:45.0 (60100092)|STATEMENT_EXECUTE|[2]
18:18:45.0 (60101094)|STATEMENT_EXECUTE|[3]
18:18:45.0 (60101788)|STATEMENT_EXECUTE|[4]
18:18:45.0 (60102491)|STATEMENT_EXECUTE|[5]
18:18:45.0 (61004396)|STATEMENT_EXECUTE|[7]
18:18:45.0 (61005732)|STATEMENT_EXECUTE|[8]
18:18:45.0 (61010472)|HEAP_ALLOCATE|[8]|Bytes:4
18:18:45.0 (61057464)|VARIABLE_ASSIGNMENT|[8]|this.syncLimit|200|0x5683b130
18:18:45.0 (61060191)|STATEMENT_EXECUTE|[9]
18:18:45.0 (61061800)|HEAP_ALLOCATE|[9]|Bytes:4
18:18:45.0 (61067113)|VARIABLE_ASSIGNMENT|[9]|this.queueLimit|2000|0x5683b130
18:18:45.0 (61069461)|STATEMENT_EXECUTE|[10]
18:18:45.0 (61070821)|HEAP_ALLOCATE|[10]|Bytes:4
18:18:45.0 (61074768)|VARIABLE_ASSIGNMENT|[10]|this.batchSize|200|0x5683b130
18:18:45.0 (61077243)|STATEMENT_EXECUTE|[11]
18:18:45.0 (61079044)|HEAP_ALLOCATE|[11]|Bytes:4
18:18:45.0 (61083183)|VARIABLE_ASSIGNMENT|[11]|this.timeout|120|0x5683b130
18:18:45.0 (61094583)|CONSTRUCTOR_EXIT|[54]|01pRR00000Lf81y|<init>()|AsyncConfig
18:18:45.0 (61098262)|VARIABLE_SCOPE_BEGIN|[54]|c|AsyncConfig|true|false
18:18:45.0 (61136070)|VARIABLE_ASSIGNMENT|[54]|c|{"batchSize":200,"queueLimit":2000,"syncLimit":200,"timeout":120}|0x5683b130
18:18:45.0 (61252186)|STATEMENT_EXECUTE|[56]
18:18:45.0 (61300042)|HEAP_ALLOCATE|[56]|Bytes:8
18:18:45.0 (61307218)|VARIABLE_ASSIGNMENT|[56]|this.syncLimit|200|0x5683b130
18:18:45.0 (61309854)|STATEMENT_EXECUTE|[57]
18:18:45.0 (61316895)|HEAP_ALLOCATE|[57]|Bytes:8
18:18:45.0 (61321711)|VARIABLE_ASSIGNMENT|[57]|this.queueLimit|2000|0x5683b130
18:18:45.0 (61324087)|STATEMENT_EXECUTE|[58]
18:18:45.0 (61329518)|HEAP_ALLOCATE|[58]|Bytes:8
18:18:45.0 (61334106)|VARIABLE_ASSIGNMENT|[58]|this.batchSize|200|0x5683b130
18:18:45.0 (61336446)|STATEMENT_EXECUTE|[59]
18:18:45.0 (61341128)|HEAP_ALLOCATE|[59]|Bytes:8
18:18:45.0 (61345973)|VARIABLE_ASSIGNMENT|[59]|this.timeout|50|0x5683b130
18:18:45.0 (61348300)|STATEMENT_EXECUTE|[61]
18:18:45.0 (61358092)|METHOD_ENTRY|[61]|01pRR00000LfIuX|AsyncConfigProvider.validate(AsyncConfig)
18:18:45.0 (61379936)|VARIABLE_SCOPE_BEGIN|[68]|c|AsyncConfig|true|false
18:18:45.0 (61431859)|VARIABLE_ASSIGNMENT|[68]|c|{"batchSize":200,"queueLimit":2000,"syncLimit":200,"timeout":50}|0x5683b130
18:18:45.0 (61445002)|HEAP_ALLOCATE|[69]|Bytes:5
18:18:45.0 (61447171)|STATEMENT_EXECUTE|[68]
18:18:45.0 (61453859)|STATEMENT_EXECUTE|[69]
18:18:45.0 (61456339)|STATEMENT_EXECUTE|[75]
18:18:45.0 (61458490)|STATEMENT_EXECUTE|[81]
18:18:45.0 (61464464)|METHOD_EXIT|[61]|01pRR00000LfIuX|AsyncConfigProvider.validate(AsyncConfig)
18:18:45.0 (61467325)|STATEMENT_EXECUTE|[62]
18:18:45.0 (61471091)|METHOD_EXIT|[27]|01pRR00000LfIuX|AsyncConfigProvider.toConfig(Async_Config__mdt)
18:18:45.0 (61475017)|METHOD_EXIT|[7]|01pRR00000LfIuX|AsyncConfigProvider.getDefault()
18:18:45.0 (61479742)|METHOD_EXIT|[37]|01pRR00000LfIuX|AsyncConfigProvider.get()
18:18:45.0 (61482577)|VARIABLE_SCOPE_BEGIN|[37]|cfg|AsyncConfig|true|false
18:18:45.0 (61511657)|VARIABLE_ASSIGNMENT|[37]|cfg|{"batchSize":200,"queueLimit":2000,"syncLimit":200,"timeout":50}|0x5683b130
18:18:45.0 (61514620)|STATEMENT_EXECUTE|[38]
18:18:45.0 (61517331)|VARIABLE_SCOPE_BEGIN|[38]|timeoutSeconds|Integer|false|false
18:18:45.0 (61523368)|VARIABLE_ASSIGNMENT|[38]|timeoutSeconds|50
18:18:45.0 (61525548)|STATEMENT_EXECUTE|[40]
18:18:45.0 (61539660)|HEAP_ALLOCATE|[40]|Bytes:4
18:18:45.0 (61561524)|SYSTEM_CONSTRUCTOR_ENTRY|[40]|<init>(Integer)
18:18:45.0 (61581681)|SYSTEM_CONSTRUCTOR_EXIT|[40]|<init>(Integer)
18:18:45.0 (61584057)|VARIABLE_SCOPE_BEGIN|[40]|ids|Set<Id>|true|false
18:18:45.0 (61612020)|VARIABLE_ASSIGNMENT|[40]|ids|[]|0x5021b19e
18:18:45.0 (61623507)|SYSTEM_METHOD_ENTRY|[41]|List<ERP_InboundBatch__c>.iterator()
18:18:45.0 (61735614)|SYSTEM_METHOD_EXIT|[41]|List<ERP_InboundBatch__c>.iterator()
18:18:45.0 (61752790)|SYSTEM_METHOD_ENTRY|[41]|system.ListIterator.hasNext()
18:18:45.0 (61759404)|HEAP_ALLOCATE|[41]|Bytes:5
18:18:45.0 (61764354)|SYSTEM_METHOD_EXIT|[41]|system.ListIterator.hasNext()
18:18:45.0 (61779203)|HEAP_ALLOCATE|[41]|Bytes:8
18:18:45.0 (61793559)|VARIABLE_SCOPE_BEGIN|[41]|s|SObject|true|false
18:18:45.0 (61855811)|VARIABLE_ASSIGNMENT|[41]|s|{"Id":"a0nRR000002s6aLYAQ"}|0x5d254084
18:18:45.0 (61860226)|STATEMENT_EXECUTE|[41]
18:18:45.0 (61861136)|STATEMENT_EXECUTE|[42]
18:18:45.0 (61892188)|SYSTEM_METHOD_ENTRY|[42]|Set<Id>.add(Object)
18:18:45.0 (61900804)|HEAP_ALLOCATE|[EXTERNAL]|Bytes:4
18:18:45.0 (61906817)|SYSTEM_METHOD_EXIT|[42]|Set<Id>.add(Object)
18:18:45.0 (61910577)|SYSTEM_METHOD_ENTRY|[41]|system.ListIterator.hasNext()
18:18:45.0 (61913997)|HEAP_ALLOCATE|[41]|Bytes:5
18:18:45.0 (61916902)|SYSTEM_METHOD_EXIT|[41]|system.ListIterator.hasNext()
18:18:45.0 (61923686)|VARIABLE_ASSIGNMENT|[41]|s|null|
18:18:45.0 (61926908)|STATEMENT_EXECUTE|[45]
18:18:45.0 (61929175)|HEAP_ALLOCATE|[45]|Bytes:224
18:18:45.0 (61939776)|HEAP_ALLOCATE|[45]|Bytes:4
18:18:45.0 (61944315)|HEAP_ALLOCATE|[45]|Bytes:7
18:18:45.0 (65380507)|SOQL_EXECUTE_BEGIN|[45]|Aggregations:0|SELECT Id, BatchKey__c, Status__c, Direction__c, TotalParts__c, ReceivedParts__c, FirstSeenAt__c, LastSeenAt__c, ProcessingStartedAt__c, CompletedAt__c, ErrorMessage__c FROM ERP_InboundBatch__c WHERE Id = :tmpVar1 FOR UPDATE
18:18:45.0 (65440503)|LIMIT_USAGE|[45]|SOQL|1|200
18:18:45.0 (65448806)|LIMIT_USAGE|[45]|AGGS|0|600
18:18:45.0 (78464266)|SOQL_EXECUTE_EXPLAIN|[45]|Index on ERP_InboundBatch__c : [Id], cardinality: 1, sobjectCardinality: 1, relativeCost 1
18:18:45.0 (78480372)|SOQL_EXECUTE_END|[45]|Rows:1
18:18:45.0 (78497351)|LIMIT_USAGE|[45]|SOQL_ROWS|2|50000
18:18:45.0 (78511099)|HEAP_ALLOCATE|[45]|Bytes:8
18:18:45.0 (78523576)|HEAP_ALLOCATE|[45]|Bytes:283
18:18:45.0 (78565405)|HEAP_ALLOCATE|[45]|Bytes:8
18:18:45.0 (78581508)|VARIABLE_SCOPE_BEGIN|[45]|batches|List<ERP_InboundBatch__c>|true|false
18:18:45.0 (78731637)|VARIABLE_ASSIGNMENT|[45]|batches|[{"Direction__c":"ERP_SF","TotalParts__c":2,"BatchKey__c":"ERP-SF_OpportunityDa (22 more) ...","FirstSeenAt__c":"2026-04-12T15:18:00.000Z","Id":"a0nRR000002s6aLYAQ","LastSeenAt__c":"2026-04-12T15:18:12.000Z","Status__c":"PROCESSING","ReceivedParts__c":2}]|0x2784fc94
18:18:45.0 (78741551)|STATEMENT_EXECUTE|[62]
18:18:45.0 (78753963)|HEAP_ALLOCATE|[62]|Bytes:4
18:18:45.0 (78776556)|SYSTEM_CONSTRUCTOR_ENTRY|[62]|<init>()
18:18:45.0 (78800173)|SYSTEM_CONSTRUCTOR_EXIT|[62]|<init>()
18:18:45.0 (78803503)|VARIABLE_SCOPE_BEGIN|[62]|toUpdate|List<ERP_InboundBatch__c>|true|false
18:18:45.0 (78811211)|HEAP_ALLOCATE|[EXTERNAL]|Bytes:4
18:18:45.0 (78820782)|VARIABLE_ASSIGNMENT|[62]|toUpdate|[]|0x140807c8
18:18:45.0 (78825584)|STATEMENT_EXECUTE|[63]
18:18:45.0 (78831277)|HEAP_ALLOCATE|[63]|Bytes:4
18:18:45.0 (78836051)|SYSTEM_CONSTRUCTOR_ENTRY|[63]|<init>()
18:18:45.0 (78842185)|SYSTEM_CONSTRUCTOR_EXIT|[63]|<init>()
18:18:45.0 (78844719)|VARIABLE_SCOPE_BEGIN|[63]|toProcess|List<ERP_InboundBatch__c>|true|false
18:18:45.0 (78850916)|HEAP_ALLOCATE|[EXTERNAL]|Bytes:4
18:18:45.0 (78856056)|VARIABLE_ASSIGNMENT|[63]|toProcess|[]|0x2675673c
18:18:45.0 (78871676)|SYSTEM_METHOD_ENTRY|[65]|List<ERP_InboundBatch__c>.iterator()
18:18:45.0 (78890929)|SYSTEM_METHOD_EXIT|[65]|List<ERP_InboundBatch__c>.iterator()
18:18:45.0 (78901349)|SYSTEM_METHOD_ENTRY|[65]|system.ListIterator.hasNext()
18:18:45.0 (78913329)|HEAP_ALLOCATE|[65]|Bytes:5
18:18:45.0 (78920062)|SYSTEM_METHOD_EXIT|[65]|system.ListIterator.hasNext()
18:18:45.0 (78931074)|HEAP_ALLOCATE|[65]|Bytes:36
18:18:45.0 (78939269)|VARIABLE_SCOPE_BEGIN|[65]|b|ERP_InboundBatch__c|true|false
18:18:45.0 (78998795)|VARIABLE_ASSIGNMENT|[65]|b|{"Direction__c":"ERP_SF","TotalParts__c":2,"BatchKey__c":"ERP-SF_OpportunityDa (22 more) ...","FirstSeenAt__c":"2026-04-12T15:18:00.000Z","Id":"a0nRR000002s6aLYAQ","LastSeenAt__c":"2026-04-12T15:18:12.000Z","Status__c":"PROCESSING","ReceivedParts__c":2}|0x20ba3e39
18:18:45.0 (79007099)|STATEMENT_EXECUTE|[65]
18:18:45.0 (82588652)|VARIABLE_SCOPE_BEGIN|[5]|InboundBatchStatusProvider.byDevName|Map<String,Inbound_Batch_Status__mdt>|true|true
18:18:45.0 (82619322)|VARIABLE_SCOPE_BEGIN|[6]|InboundBatchStatusProvider.byRole|Map<String,Inbound_Batch_Status__mdt>|true|true
18:18:45.0 (82626672)|VARIABLE_SCOPE_BEGIN|[3]|InboundBatchStatusProvider.loaded|Boolean|false|true
18:18:45.0 (82643994)|HEAP_ALLOCATE|[67]|Bytes:31
18:18:45.0 (82674939)|METHOD_ENTRY|[1]|01pRR00000Nbi85|InboundBatchStatusProvider.InboundBatchStatusProvider()
18:18:45.0 (82680253)|STATEMENT_EXECUTE|[1]
18:18:45.0 (82684620)|STATEMENT_EXECUTE|[1]
18:18:45.0 (82695458)|HEAP_ALLOCATE|[3]|Bytes:5
18:18:45.0 (82698767)|STATEMENT_EXECUTE|[3]
18:18:45.0 (82706036)|HEAP_ALLOCATE|[3]|Bytes:5
18:18:45.0 (82776041)|VARIABLE_ASSIGNMENT|[3]|InboundBatchStatusProvider.loaded|false
18:18:45.0 (82819967)|METHOD_EXIT|[1]|InboundBatchStatusProvider
18:18:45.0 (82842109)|METHOD_ENTRY|[67]|01pRR00000Nbi85|InboundBatchStatusProvider.isTerminal(String)
18:18:45.0 (82864667)|VARIABLE_SCOPE_BEGIN|[50]|statusKey|String|false|false
18:18:45.0 (82880462)|VARIABLE_ASSIGNMENT|[50]|statusKey|"PROCESSING"
18:18:45.0 (82888354)|HEAP_ALLOCATE|[51]|Bytes:5
18:18:45.0 (82891462)|STATEMENT_EXECUTE|[50]
18:18:45.0 (82892820)|STATEMENT_EXECUTE|[51]
18:18:45.0 (82900221)|METHOD_ENTRY|[51]|01pRR00000Nbi85|InboundBatchStatusProvider.load()
18:18:45.0 (82948555)|HEAP_ALLOCATE|[9]|Bytes:5
18:18:45.0 (82951176)|STATEMENT_EXECUTE|[8]
18:18:45.0 (82956379)|STATEMENT_EXECUTE|[9]
18:18:45.0 (82957628)|STATEMENT_EXECUTE|[11]
18:18:45.0 (82971278)|HEAP_ALLOCATE|[11]|Bytes:4
18:18:45.0 (83082681)|VARIABLE_ASSIGNMENT|[11]|InboundBatchStatusProvider.byDevName|{}|0x6164c6d1
18:18:45.0 (83088422)|STATEMENT_EXECUTE|[12]
18:18:45.0 (83096532)|HEAP_ALLOCATE|[12]|Bytes:4
18:18:45.0 (83107025)|VARIABLE_ASSIGNMENT|[12]|InboundBatchStatusProvider.byRole|{}|0x7ebafaf0
18:18:45.0 (83114141)|HEAP_ALLOCATE|[14]|Bytes:97
18:18:45.0 (83122497)|HEAP_ALLOCATE|[14]|Bytes:4
18:18:45.0 (85446260)|SOQL_EXECUTE_BEGIN|[14]|Aggregations:0|SELECT DeveloperName, Role__c, IsTerminal__c, IsTimeoutEligible__c FROM Inbound_Batch_Status__mdt
18:18:45.0 (92800050)|SOQL_EXECUTE_EXPLAIN|[14]|No explain plan is available
18:18:45.0 (92813276)|SOQL_EXECUTE_END|[14]|Rows:6
18:18:45.0 (92829709)|LIMIT_USAGE|[14]|SOQL_ROWS|8|50000
18:18:45.0 (92840128)|HEAP_ALLOCATE|[EXTERNAL]|Bytes:28
18:18:45.0 (92904933)|SYSTEM_METHOD_ENTRY|[14]|Database.QueryLocator.iterator()
18:18:45.0 (93027861)|HEAP_ALLOCATE|[14]|Bytes:54
18:18:45.0 (93035646)|HEAP_ALLOCATE|[14]|Bytes:8
18:18:45.0 (93048469)|SYSTEM_METHOD_ENTRY|[7]|QueryLocatorIterator.QueryLocatorIterator()
18:18:45.0 (93052201)|STATEMENT_EXECUTE|[7]
18:18:45.0 (93063420)|SYSTEM_METHOD_EXIT|[7]|QueryLocatorIterator
18:18:45.0 (93070024)|HEAP_ALLOCATE|[14]|Bytes:28
18:18:45.0 (93118677)|HEAP_ALLOCATE|[14]|Bytes:28
18:18:45.0 (93128243)|HEAP_ALLOCATE|[14]|Bytes:8
18:18:45.0 (93130743)|HEAP_ALLOCATE|[14]|Bytes:8
18:18:45.0 (93137494)|VARIABLE_SCOPE_BEGIN|[15]|this|Database.QueryLocatorIterator|true|false
18:18:45.0 (93376429)|VARIABLE_ASSIGNMENT|[15]|this|{}|0x35761d72
18:18:45.0 (93384626)|VARIABLE_SCOPE_BEGIN|[15]|values|List<SObject>|true|false
18:18:45.0 (93435009)|VARIABLE_ASSIGNMENT|[15]|values|"List of size 6 too large to display"|0xf7f5e7e
18:18:45.0 (93438246)|VARIABLE_SCOPE_BEGIN|[15]|ql|Database.QueryLocator|true|false
18:18:45.0 (93472133)|VARIABLE_ASSIGNMENT|[15]|ql|{"query":"SELECT DeveloperName (77 more) ..."}|0x33e4c53b
18:18:45.0 (93474702)|VARIABLE_SCOPE_BEGIN|[15]|totalNumRecords|Integer|false|false
18:18:45.0 (93481453)|VARIABLE_ASSIGNMENT|[15]|totalNumRecords|6
18:18:45.0 (93484203)|VARIABLE_SCOPE_BEGIN|[15]|queryMoreSize|Integer|false|false
18:18:45.0 (93502378)|VARIABLE_ASSIGNMENT|[15]|queryMoreSize|49992
18:18:45.0 (93548363)|HEAP_ALLOCATE|[14]|Bytes:28
18:18:45.0 (93555442)|SYSTEM_METHOD_EXIT|[14]|Database.QueryLocator.iterator()
18:18:45.0 (93573476)|METHOD_ENTRY|[14]||Database.QueryLocatorIterator.hasNext()
18:18:45.0 (93646066)|METHOD_EXIT|[14]||Database.QueryLocatorIterator.hasNext()
18:18:45.0 (93651133)|METHOD_ENTRY|[14]||Database.QueryLocatorIterator.next()
18:18:45.0 (93716429)|METHOD_EXIT|[14]||Database.QueryLocatorIterator.next()
18:18:45.0 (93721600)|VARIABLE_SCOPE_BEGIN|[14]|s|Inbound_Batch_Status__mdt|true|false
18:18:45.0 (93805141)|VARIABLE_ASSIGNMENT|[14]|s|{"IsTerminal__c":false,"IsTimeoutEligible__c":true,"Id":"m0rRR00000o5n6wYAA","DeveloperName":"ACCEPTED","Role__c":"ACCEPTED"}|0x7efad6e2
18:18:45.0 (93809737)|STATEMENT_EXECUTE|[20]
18:18:45.0 (93810625)|STATEMENT_EXECUTE|[21]
18:18:45.0 (93861940)|SYSTEM_METHOD_ENTRY|[21]|Map<String,Inbound_Batch_Status__mdt>.put(Object, Object)
18:18:45.0 (93879045)|HEAP_ALLOCATE|[EXTERNAL]|Bytes:-4
18:18:45.0 (93885235)|SYSTEM_METHOD_EXIT|[21]|Map<String,Inbound_Batch_Status__mdt>.put(Object, Object)
18:18:45.0 (93920583)|SYSTEM_METHOD_ENTRY|[23]|String.isNotBlank(String)
18:18:45.0 (93938023)|SYSTEM_METHOD_EXIT|[23]|String.isNotBlank(String)
18:18:45.0 (93940315)|STATEMENT_EXECUTE|[23]
18:18:45.0 (93941091)|STATEMENT_EXECUTE|[24]
18:18:45.0 (93949442)|SYSTEM_METHOD_ENTRY|[24]|Map<String,Inbound_Batch_Status__mdt>.put(Object, Object)
18:18:45.0 (93954248)|HEAP_ALLOCATE|[EXTERNAL]|Bytes:-4
18:18:45.0 (93958419)|SYSTEM_METHOD_EXIT|[24]|Map<String,Inbound_Batch_Status__mdt>.put(Object, Object)
18:18:45.0 (93962610)|METHOD_ENTRY|[14]||Database.QueryLocatorIterator.hasNext()
18:18:45.0 (93973614)|METHOD_EXIT|[14]||Database.QueryLocatorIterator.hasNext()
18:18:45.0 (93976235)|METHOD_ENTRY|[14]||Database.QueryLocatorIterator.next()
18:18:45.0 (94004495)|METHOD_EXIT|[14]||Database.QueryLocatorIterator.next()
18:18:45.0 (94007817)|VARIABLE_SCOPE_BEGIN|[14]|s|Inbound_Batch_Status__mdt|true|false
18:18:45.0 (94036631)|VARIABLE_ASSIGNMENT|[14]|s|{"IsTerminal__c":true,"IsTimeoutEligible__c":false,"Id":"m0rRR00000o5n6xYAA","DeveloperName":"COMPLETED","Role__c":"COMPLETED"}|0x731fd1c0
18:18:45.0 (94039896)|STATEMENT_EXECUTE|[20]
18:18:45.0 (94040643)|STATEMENT_EXECUTE|[21]
18:18:45.0 (94048285)|SYSTEM_METHOD_ENTRY|[21]|Map<String,Inbound_Batch_Status__mdt>.put(Object, Object)
18:18:45.0 (94050548)|HEAP_ALLOCATE|[EXTERNAL]|Bytes:-4
18:18:45.0 (94055391)|SYSTEM_METHOD_EXIT|[21]|Map<String,Inbound_Batch_Status__mdt>.put(Object, Object)
18:18:45.0 (94060846)|SYSTEM_METHOD_ENTRY|[23]|String.isNotBlank(String)
18:18:45.0 (94065013)|SYSTEM_METHOD_EXIT|[23]|String.isNotBlank(String)
18:18:45.0 (94066974)|STATEMENT_EXECUTE|[23]
18:18:45.0 (94067731)|STATEMENT_EXECUTE|[24]
18:18:45.0 (94072041)|SYSTEM_METHOD_ENTRY|[24]|Map<String,Inbound_Batch_Status__mdt>.put(Object, Object)
18:18:45.0 (94073867)|HEAP_ALLOCATE|[EXTERNAL]|Bytes:-4
18:18:45.0 (94077660)|SYSTEM_METHOD_EXIT|[24]|Map<String,Inbound_Batch_Status__mdt>.put(Object, Object)
18:18:45.0 (94080685)|METHOD_ENTRY|[14]||Database.QueryLocatorIterator.hasNext()
18:18:45.0 (94089936)|METHOD_EXIT|[14]||Database.QueryLocatorIterator.hasNext()
18:18:45.0 (94092310)|METHOD_ENTRY|[14]||Database.QueryLocatorIterator.next()
18:18:45.0 (94115810)|METHOD_EXIT|[14]||Database.QueryLocatorIterator.next()
18:18:45.0 (94118121)|VARIABLE_SCOPE_BEGIN|[14]|s|Inbound_Batch_Status__mdt|true|false
18:18:45.0 (94138295)|VARIABLE_ASSIGNMENT|[14]|s|{"IsTerminal__c":false,"IsTimeoutEligible__c":false,"Id":"m0rRR00000o5n6yYAA","DeveloperName":"DUPLICATE","Role__c":"DUPLICATE"}|0x5bfa4487
18:18:45.0 (94141007)|STATEMENT_EXECUTE|[20]
18:18:45.0 (94141823)|STATEMENT_EXECUTE|[21]
18:18:45.0 (94148231)|SYSTEM_METHOD_ENTRY|[21]|Map<String,Inbound_Batch_Status__mdt>.put(Object, Object)
18:18:45.0 (94150565)|HEAP_ALLOCATE|[EXTERNAL]|Bytes:-4
18:18:45.0 (94154555)|SYSTEM_METHOD_EXIT|[21]|Map<String,Inbound_Batch_Status__mdt>.put(Object, Object)
18:18:45.0 (94159482)|SYSTEM_METHOD_ENTRY|[23]|String.isNotBlank(String)
18:18:45.0 (94163194)|SYSTEM_METHOD_EXIT|[23]|String.isNotBlank(String)
18:18:45.0 (94165011)|STATEMENT_EXECUTE|[23]
18:18:45.0 (94165715)|STATEMENT_EXECUTE|[24]
18:18:45.0 (94170031)|SYSTEM_METHOD_ENTRY|[24]|Map<String,Inbound_Batch_Status__mdt>.put(Object, Object)
18:18:45.0 (94171689)|HEAP_ALLOCATE|[EXTERNAL]|Bytes:-4
18:18:45.0 (94175493)|SYSTEM_METHOD_EXIT|[24]|Map<String,Inbound_Batch_Status__mdt>.put(Object, Object)
18:18:45.0 (94178474)|METHOD_ENTRY|[14]||Database.QueryLocatorIterator.hasNext()
18:18:45.0 (94187075)|METHOD_EXIT|[14]||Database.QueryLocatorIterator.hasNext()
18:18:45.0 (94189395)|METHOD_ENTRY|[14]||Database.QueryLocatorIterator.next()
18:18:45.0 (94211058)|METHOD_EXIT|[14]||Database.QueryLocatorIterator.next()
18:18:45.0 (94213120)|VARIABLE_SCOPE_BEGIN|[14]|s|Inbound_Batch_Status__mdt|true|false
18:18:45.0 (94231474)|VARIABLE_ASSIGNMENT|[14]|s|{"IsTerminal__c":true,"IsTimeoutEligible__c":false,"Id":"m0rRR00000o5n6zYAA","DeveloperName":"FAILED","Role__c":"FAILED"}|0x4f320086
18:18:45.0 (94234200)|STATEMENT_EXECUTE|[20]
18:18:45.0 (94235049)|STATEMENT_EXECUTE|[21]
18:18:45.0 (94241180)|SYSTEM_METHOD_ENTRY|[21]|Map<String,Inbound_Batch_Status__mdt>.put(Object, Object)
18:18:45.0 (94243194)|HEAP_ALLOCATE|[EXTERNAL]|Bytes:-4
18:18:45.0 (94247204)|SYSTEM_METHOD_EXIT|[21]|Map<String,Inbound_Batch_Status__mdt>.put(Object, Object)
18:18:45.0 (94252013)|SYSTEM_METHOD_ENTRY|[23]|String.isNotBlank(String)
18:18:45.0 (94255846)|SYSTEM_METHOD_EXIT|[23]|String.isNotBlank(String)
18:18:45.0 (94257594)|STATEMENT_EXECUTE|[23]
18:18:45.0 (94258333)|STATEMENT_EXECUTE|[24]
18:18:45.0 (94262469)|SYSTEM_METHOD_ENTRY|[24]|Map<String,Inbound_Batch_Status__mdt>.put(Object, Object)
18:18:45.0 (94264159)|HEAP_ALLOCATE|[EXTERNAL]|Bytes:-4
18:18:45.0 (94268354)|SYSTEM_METHOD_EXIT|[24]|Map<String,Inbound_Batch_Status__mdt>.put(Object, Object)
18:18:45.0 (94271151)|METHOD_ENTRY|[14]||Database.QueryLocatorIterator.hasNext()
18:18:45.0 (94279446)|METHOD_EXIT|[14]||Database.QueryLocatorIterator.hasNext()
18:18:45.0 (94281699)|METHOD_ENTRY|[14]||Database.QueryLocatorIterator.next()
18:18:45.0 (94302650)|METHOD_EXIT|[14]||Database.QueryLocatorIterator.next()
18:18:45.0 (94304725)|VARIABLE_SCOPE_BEGIN|[14]|s|Inbound_Batch_Status__mdt|true|false
18:18:45.0 (94323522)|VARIABLE_ASSIGNMENT|[14]|s|{"IsTerminal__c":false,"IsTimeoutEligible__c":false,"Id":"m0rRR00000o5n70YAA","DeveloperName":"PROCESSING","Role__c":"PROCESSING"}|0x87bf5b9
18:18:45.0 (94326486)|STATEMENT_EXECUTE|[20]
18:18:45.0 (94327293)|STATEMENT_EXECUTE|[21]
18:18:45.0 (94332886)|SYSTEM_METHOD_ENTRY|[21]|Map<String,Inbound_Batch_Status__mdt>.put(Object, Object)
18:18:45.0 (94334890)|HEAP_ALLOCATE|[EXTERNAL]|Bytes:-4
18:18:45.0 (94338812)|SYSTEM_METHOD_EXIT|[21]|Map<String,Inbound_Batch_Status__mdt>.put(Object, Object)
18:18:45.0 (94343392)|SYSTEM_METHOD_ENTRY|[23]|String.isNotBlank(String)
18:18:45.0 (94347138)|SYSTEM_METHOD_EXIT|[23]|String.isNotBlank(String)
18:18:45.0 (94348969)|STATEMENT_EXECUTE|[23]
18:18:45.0 (94349672)|STATEMENT_EXECUTE|[24]
18:18:45.0 (94353778)|SYSTEM_METHOD_ENTRY|[24]|Map<String,Inbound_Batch_Status__mdt>.put(Object, Object)
18:18:45.0 (94355421)|HEAP_ALLOCATE|[EXTERNAL]|Bytes:-4
18:18:45.0 (94359216)|SYSTEM_METHOD_EXIT|[24]|Map<String,Inbound_Batch_Status__mdt>.put(Object, Object)
18:18:45.0 (94361823)|METHOD_ENTRY|[14]||Database.QueryLocatorIterator.hasNext()
18:18:45.0 (94369982)|METHOD_EXIT|[14]||Database.QueryLocatorIterator.hasNext()
18:18:45.0 (94372318)|METHOD_ENTRY|[14]||Database.QueryLocatorIterator.next()
18:18:45.0 (94393264)|METHOD_EXIT|[14]||Database.QueryLocatorIterator.next()
18:18:45.0 (94395511)|VARIABLE_SCOPE_BEGIN|[14]|s|Inbound_Batch_Status__mdt|true|false
18:18:45.0 (94413599)|VARIABLE_ASSIGNMENT|[14]|s|{"IsTerminal__c":true,"IsTimeoutEligible__c":false,"Id":"m0rRR00000o5n71YAA","DeveloperName":"TIMEOUT","Role__c":"TIMEOUT"}|0x5e7a4a7
18:18:45.0 (94416538)|STATEMENT_EXECUTE|[20]
18:18:45.0 (94417263)|STATEMENT_EXECUTE|[21]
18:18:45.0 (94422832)|SYSTEM_METHOD_ENTRY|[21]|Map<String,Inbound_Batch_Status__mdt>.put(Object, Object)
18:18:45.0 (94424809)|HEAP_ALLOCATE|[EXTERNAL]|Bytes:-4
18:18:45.0 (94428903)|SYSTEM_METHOD_EXIT|[21]|Map<String,Inbound_Batch_Status__mdt>.put(Object, Object)
18:18:45.0 (94433653)|SYSTEM_METHOD_ENTRY|[23]|String.isNotBlank(String)
18:18:45.0 (94437560)|SYSTEM_METHOD_EXIT|[23]|String.isNotBlank(String)
18:18:45.0 (94439341)|STATEMENT_EXECUTE|[23]
18:18:45.0 (94440092)|STATEMENT_EXECUTE|[24]
18:18:45.0 (94444269)|SYSTEM_METHOD_ENTRY|[24]|Map<String,Inbound_Batch_Status__mdt>.put(Object, Object)
18:18:45.0 (94445969)|HEAP_ALLOCATE|[EXTERNAL]|Bytes:-4
18:18:45.0 (94449727)|SYSTEM_METHOD_EXIT|[24]|Map<String,Inbound_Batch_Status__mdt>.put(Object, Object)
18:18:45.0 (94452559)|METHOD_ENTRY|[14]||Database.QueryLocatorIterator.hasNext()
18:18:45.0 (94458677)|METHOD_EXIT|[14]||Database.QueryLocatorIterator.hasNext()
18:18:45.0 (94464105)|VARIABLE_ASSIGNMENT|[14]|s|null|
18:18:45.0 (94479963)|STATEMENT_EXECUTE|[28]
18:18:45.0 (94487722)|HEAP_ALLOCATE|[28]|Bytes:5
18:18:45.0 (94497307)|VARIABLE_ASSIGNMENT|[28]|InboundBatchStatusProvider.loaded|true
18:18:45.0 (94502958)|METHOD_EXIT|[51]|01pRR00000Nbi85|InboundBatchStatusProvider.load()
18:18:45.0 (94505513)|STATEMENT_EXECUTE|[52]
18:18:45.0 (94510302)|SYSTEM_METHOD_ENTRY|[52]|Map<String,Inbound_Batch_Status__mdt>.containsKey(Object)
18:18:45.0 (94520682)|SYSTEM_METHOD_EXIT|[52]|Map<String,Inbound_Batch_Status__mdt>.containsKey(Object)
18:18:45.0 (94525499)|SYSTEM_METHOD_ENTRY|[53]|Map<String,Inbound_Batch_Status__mdt>.get(Object)
18:18:45.0 (94533854)|SYSTEM_METHOD_EXIT|[53]|Map<String,Inbound_Batch_Status__mdt>.get(Object)
18:18:45.0 (94545907)|HEAP_ALLOCATE|[52]|Bytes:5
18:18:45.0 (94550417)|METHOD_EXIT|[67]|01pRR00000Nbi85|InboundBatchStatusProvider.isTerminal(String)
18:18:45.0 (94553362)|STATEMENT_EXECUTE|[67]
18:18:45.0 (94554209)|STATEMENT_EXECUTE|[71]
18:18:45.0 (94582779)|HEAP_ALLOCATE|[71]|Bytes:28
18:18:45.0 (94587113)|HEAP_ALLOCATE|[71]|Bytes:28
18:18:45.0 (94601545)|SYSTEM_METHOD_ENTRY|[71]|Integer.valueOf(Object)
18:18:45.0 (94611977)|SYSTEM_METHOD_EXIT|[71]|Integer.valueOf(Object)
18:18:45.0 (94614487)|VARIABLE_SCOPE_BEGIN|[71]|total|Integer|false|false
18:18:45.0 (94618425)|HEAP_ALLOCATE|[71]|Bytes:4
18:18:45.0 (94623578)|VARIABLE_ASSIGNMENT|[71]|total|2
18:18:45.0 (94625587)|STATEMENT_EXECUTE|[72]
18:18:45.0 (94633766)|HEAP_ALLOCATE|[72]|Bytes:28
18:18:45.0 (94637454)|HEAP_ALLOCATE|[72]|Bytes:28
18:18:45.0 (94643626)|SYSTEM_METHOD_ENTRY|[72]|Integer.valueOf(Object)
18:18:45.0 (94652318)|SYSTEM_METHOD_EXIT|[72]|Integer.valueOf(Object)
18:18:45.0 (94654206)|VARIABLE_SCOPE_BEGIN|[72]|recv|Integer|false|false
18:18:45.0 (94657146)|HEAP_ALLOCATE|[72]|Bytes:4
18:18:45.0 (94660953)|VARIABLE_ASSIGNMENT|[72]|recv|2
18:18:45.0 (94662879)|STATEMENT_EXECUTE|[74]
18:18:45.0 (94666365)|VARIABLE_SCOPE_BEGIN|[74]|isComplete|Boolean|false|false
18:18:45.0 (94670056)|HEAP_ALLOCATE|[74]|Bytes:5
18:18:45.0 (94673609)|VARIABLE_ASSIGNMENT|[74]|isComplete|true
18:18:45.0 (94675757)|STATEMENT_EXECUTE|[76]
18:18:45.0 (94685418)|METHOD_ENTRY|[77]|01pRR00000Nbi85|InboundBatchStatusProvider.canTimeout(String)
18:18:45.0 (94692986)|VARIABLE_SCOPE_BEGIN|[56]|statusKey|String|false|false
18:18:45.0 (94702951)|VARIABLE_ASSIGNMENT|[56]|statusKey|"PROCESSING"
18:18:45.0 (94709187)|HEAP_ALLOCATE|[57]|Bytes:5
18:18:45.0 (94711172)|STATEMENT_EXECUTE|[56]
18:18:45.0 (94712012)|STATEMENT_EXECUTE|[57]
18:18:45.0 (94714253)|METHOD_ENTRY|[57]|01pRR00000Nbi85|InboundBatchStatusProvider.load()
18:18:45.0 (94719637)|HEAP_ALLOCATE|[9]|Bytes:5
18:18:45.0 (94721511)|STATEMENT_EXECUTE|[8]
18:18:45.0 (94723066)|STATEMENT_EXECUTE|[9]
18:18:45.0 (94725401)|METHOD_EXIT|[57]|01pRR00000Nbi85|InboundBatchStatusProvider.load()
18:18:45.0 (94727386)|STATEMENT_EXECUTE|[58]
18:18:45.0 (94731875)|SYSTEM_METHOD_ENTRY|[58]|Map<String,Inbound_Batch_Status__mdt>.containsKey(Object)
18:18:45.0 (94738092)|SYSTEM_METHOD_EXIT|[58]|Map<String,Inbound_Batch_Status__mdt>.containsKey(Object)
18:18:45.0 (94766497)|SYSTEM_METHOD_ENTRY|[59]|Map<String,Inbound_Batch_Status__mdt>.get(Object)
18:18:45.0 (94773431)|SYSTEM_METHOD_EXIT|[59]|Map<String,Inbound_Batch_Status__mdt>.get(Object)
18:18:45.0 (94783778)|HEAP_ALLOCATE|[58]|Bytes:5
18:18:45.0 (94787387)|METHOD_EXIT|[77]|01pRR00000Nbi85|InboundBatchStatusProvider.canTimeout(String)
18:18:45.0 (94790170)|VARIABLE_SCOPE_BEGIN|[76]|isTimeout|Boolean|false|false
18:18:45.0 (94793391)|HEAP_ALLOCATE|[76]|Bytes:5
18:18:45.0 (94797683)|VARIABLE_ASSIGNMENT|[76]|isTimeout|false
18:18:45.0 (94801048)|STATEMENT_EXECUTE|[81]
18:18:45.0 (94802371)|STATEMENT_EXECUTE|[93]
18:18:45.0 (94807564)|METHOD_ENTRY|[97]|01pRR00000Nbi85|InboundBatchStatusProvider.processing()
18:18:45.0 (94814680)|HEAP_ALLOCATE|[79]|Bytes:5
18:18:45.0 (94816622)|STATEMENT_EXECUTE|[79]
18:18:45.0 (94817387)|STATEMENT_EXECUTE|[79]
18:18:45.0 (94819916)|HEAP_ALLOCATE|[79]|Bytes:10
18:18:45.0 (94824666)|METHOD_ENTRY|[79]|01pRR00000Nbi85|InboundBatchStatusProvider.keyByRole(String)
18:18:45.0 (94828964)|VARIABLE_SCOPE_BEGIN|[35]|role|String|false|false
18:18:45.0 (94834163)|VARIABLE_ASSIGNMENT|[35]|role|"PROCESSING"
18:18:45.0 (94837538)|HEAP_ALLOCATE|[36]|Bytes:5
18:18:45.0 (94839145)|STATEMENT_EXECUTE|[35]
18:18:45.0 (94839960)|STATEMENT_EXECUTE|[36]
18:18:45.0 (94841772)|METHOD_ENTRY|[36]|01pRR00000Nbi85|InboundBatchStatusProvider.load()
18:18:45.0 (94846404)|HEAP_ALLOCATE|[9]|Bytes:5
18:18:45.0 (94847825)|STATEMENT_EXECUTE|[8]
18:18:45.0 (94848832)|STATEMENT_EXECUTE|[9]
18:18:45.0 (94850895)|METHOD_EXIT|[36]|01pRR00000Nbi85|InboundBatchStatusProvider.load()
18:18:45.0 (94856651)|SYSTEM_METHOD_ENTRY|[38]|Map<String,Inbound_Batch_Status__mdt>.containsKey(Object)
18:18:45.0 (94862880)|SYSTEM_METHOD_EXIT|[38]|Map<String,Inbound_Batch_Status__mdt>.containsKey(Object)
18:18:45.0 (94865053)|STATEMENT_EXECUTE|[38]
18:18:45.0 (94865912)|STATEMENT_EXECUTE|[47]
18:18:45.0 (94869401)|SYSTEM_METHOD_ENTRY|[47]|Map<String,Inbound_Batch_Status__mdt>.get(Object)
18:18:45.0 (94875497)|SYSTEM_METHOD_EXIT|[47]|Map<String,Inbound_Batch_Status__mdt>.get(Object)
18:18:45.0 (94879780)|METHOD_EXIT|[79]|01pRR00000Nbi85|InboundBatchStatusProvider.keyByRole(String)
18:18:45.0 (94883372)|METHOD_EXIT|[97]|01pRR00000Nbi85|InboundBatchStatusProvider.processing()
18:18:45.0 (94893026)|STATEMENT_EXECUTE|[97]
18:18:45.0 (94894030)|STATEMENT_EXECUTE|[105]
18:18:45.0 (94900347)|SYSTEM_METHOD_ENTRY|[105]|List<ERP_InboundBatch__c>.add(Object)
18:18:45.0 (94908477)|HEAP_ALLOCATE|[EXTERNAL]|Bytes:4
18:18:45.0 (94912408)|SYSTEM_METHOD_EXIT|[105]|List<ERP_InboundBatch__c>.add(Object)
18:18:45.0 (94918671)|SYSTEM_METHOD_ENTRY|[65]|system.ListIterator.hasNext()
18:18:45.0 (94924016)|HEAP_ALLOCATE|[65]|Bytes:5
18:18:45.0 (94927770)|SYSTEM_METHOD_EXIT|[65]|system.ListIterator.hasNext()
18:18:45.0 (94933871)|VARIABLE_ASSIGNMENT|[65]|b|null|
18:18:45.0 (94938147)|SYSTEM_METHOD_ENTRY|[108]|List<ERP_InboundBatch__c>.isEmpty()
18:18:45.0 (94942840)|SYSTEM_METHOD_EXIT|[108]|List<ERP_InboundBatch__c>.isEmpty()
18:18:45.0 (94945362)|STATEMENT_EXECUTE|[108]
18:18:45.0 (94948941)|SYSTEM_METHOD_ENTRY|[112]|List<ERP_InboundBatch__c>.iterator()
18:18:45.0 (94954245)|SYSTEM_METHOD_EXIT|[112]|List<ERP_InboundBatch__c>.iterator()
18:18:45.0 (94958456)|SYSTEM_METHOD_ENTRY|[112]|system.ListIterator.hasNext()
18:18:45.0 (94960937)|HEAP_ALLOCATE|[112]|Bytes:5
18:18:45.0 (94963565)|SYSTEM_METHOD_EXIT|[112]|system.ListIterator.hasNext()
18:18:45.0 (94969195)|HEAP_ALLOCATE|[112]|Bytes:36
18:18:45.0 (94972677)|VARIABLE_SCOPE_BEGIN|[112]|b|ERP_InboundBatch__c|true|false
18:18:45.0 (95045516)|VARIABLE_ASSIGNMENT|[112]|b|{"Direction__c":"ERP_SF","TotalParts__c":2,"BatchKey__c":"ERP-SF_OpportunityDa (22 more) ...","FirstSeenAt__c":"2026-04-12T15:18:00.000Z","Id":"a0nRR000002s6aLYAQ","LastSeenAt__c":"2026-04-12T15:18:12.000Z","Status__c":"PROCESSING","ReceivedParts__c":2}|0x20ba3e39
18:18:45.0 (95051618)|STATEMENT_EXECUTE|[112]
18:18:45.0 (95052425)|STATEMENT_EXECUTE|[113]
18:18:45.0 (95062274)|METHOD_ENTRY|[113]|01pRR00000OhS4r|InboundBatchFinalizer.processBatch(ERP_InboundBatch__c)
18:18:45.0 (95072734)|VARIABLE_SCOPE_BEGIN|[120]|batch|ERP_InboundBatch__c|true|false
18:18:45.0 (95099916)|VARIABLE_ASSIGNMENT|[120]|batch|{"Direction__c":"ERP_SF","TotalParts__c":2,"BatchKey__c":"ERP-SF_OpportunityDa (22 more) ...","FirstSeenAt__c":"2026-04-12T15:18:00.000Z","Id":"a0nRR000002s6aLYAQ","LastSeenAt__c":"2026-04-12T15:18:12.000Z","Status__c":"PROCESSING","ReceivedParts__c":2}|0x20ba3e39
18:18:45.0 (95106741)|HEAP_ALLOCATE|[122]|Bytes:5
18:18:45.0 (95108916)|STATEMENT_EXECUTE|[120]
18:18:45.0 (95109804)|STATEMENT_EXECUTE|[122]
18:18:45.0 (95110518)|STATEMENT_EXECUTE|[122]
18:18:45.0 (95111283)|STATEMENT_EXECUTE|[127]
18:18:45.0 (95113330)|HEAP_ALLOCATE|[127]|Bytes:124
18:18:45.0 (95125358)|HEAP_ALLOCATE|[127]|Bytes:4
18:18:45.0 (97469892)|SOQL_EXECUTE_BEGIN|[127]|Aggregations:0|SELECT PartNumber__c, Payload__c FROM ERP_InboundPart__c WHERE BatchKey__c = :tmpVar1 ORDER BY PartNumber__c ASC NULLS FIRST
18:18:45.0 (97493474)|LIMIT_USAGE|[127]|SOQL|2|200
18:18:45.0 (97498904)|LIMIT_USAGE|[127]|AGGS|0|600
18:18:45.0 (106858119)|SOQL_EXECUTE_EXPLAIN|[127]|TableScan on ERP_InboundPart__c : [], cardinality: 0, sobjectCardinality: 19, relativeCost 0.667
18:18:45.0 (106870276)|SOQL_EXECUTE_END|[127]|Rows:3
18:18:45.0 (106883232)|LIMIT_USAGE|[127]|SOQL_ROWS|11|50000
18:18:45.0 (106892066)|HEAP_ALLOCATE|[127]|Bytes:16
18:18:45.0 (106904639)|HEAP_ALLOCATE|[127]|Bytes:10560
18:18:45.0 (106975035)|HEAP_ALLOCATE|[127]|Bytes:16
18:18:45.0 (106988627)|VARIABLE_SCOPE_BEGIN|[127]|parts|List<ERP_InboundPart__c>|true|false
18:18:45.0 (107100822)|VARIABLE_ASSIGNMENT|[127]|parts|[{"PartNumber__c":1,"Payload__c":"{\"Metadata\":{\"MsgTyp (3404 more) ...","Id":"a3WRR000000jz8z2AA"},{"PartNumber__c":2,"Payload__c":"{\"Metadata\":{\"MsgTyp (3404 more) ...","Id":"a3WRR000000jz7N2AQ"},{"PartNumber__c":2,"Payload__c":"{\"Metadata\":{\"MsgTyp (3404 more) ...","Id":"a3WRR000000jzAb2AI"}]|0x43c47730
18:18:45.0 (107107866)|STATEMENT_EXECUTE|[137]
18:18:45.0 (107114464)|VARIABLE_SCOPE_BEGIN|[137]|fullJson|String|false|false
18:18:45.0 (107123255)|VARIABLE_ASSIGNMENT|[137]|fullJson|""
18:18:45.0 (107173495)|SYSTEM_METHOD_ENTRY|[139]|List<ERP_InboundPart__c>.iterator()
18:18:45.0 (107261889)|SYSTEM_METHOD_EXIT|[139]|List<ERP_InboundPart__c>.iterator()
18:18:45.0 (107276950)|SYSTEM_METHOD_ENTRY|[139]|system.ListIterator.hasNext()
18:18:45.0 (107288546)|HEAP_ALLOCATE|[139]|Bytes:5
18:18:45.0 (107293569)|SYSTEM_METHOD_EXIT|[139]|system.ListIterator.hasNext()
18:18:45.0 (107305453)|HEAP_ALLOCATE|[139]|Bytes:16
18:18:45.0 (107311166)|VARIABLE_SCOPE_BEGIN|[139]|p|ERP_InboundPart__c|true|false
18:18:45.0 (107414959)|VARIABLE_ASSIGNMENT|[139]|p|{"PartNumber__c":1,"Payload__c":"{\"Metadata\":{\"MsgTyp (3404 more) ...","Id":"a3WRR000000jz8z2AA"}|0x39e89b36
18:18:45.0 (107419392)|STATEMENT_EXECUTE|[139]
18:18:45.0 (107435221)|STATEMENT_EXECUTE|[140]
18:18:45.0 (107436085)|STATEMENT_EXECUTE|[141]
18:18:45.0 (107449123)|HEAP_ALLOCATE|[141]|Bytes:3424
18:18:45.0 (107455581)|VARIABLE_ASSIGNMENT|[141]|fullJson|"{\"Metadata\":{\"MsgTyp (3404 more) ..."
18:18:45.0 (107461510)|SYSTEM_METHOD_ENTRY|[139]|system.ListIterator.hasNext()
18:18:45.0 (107465559)|HEAP_ALLOCATE|[139]|Bytes:5
18:18:45.0 (107468427)|SYSTEM_METHOD_EXIT|[139]|system.ListIterator.hasNext()
18:18:45.0 (107472767)|HEAP_ALLOCATE|[139]|Bytes:16
18:18:45.0 (107475603)|VARIABLE_SCOPE_BEGIN|[139]|p|ERP_InboundPart__c|true|false
18:18:45.0 (107492079)|VARIABLE_ASSIGNMENT|[139]|p|{"PartNumber__c":2,"Payload__c":"{\"Metadata\":{\"MsgTyp (3404 more) ...","Id":"a3WRR000000jz7N2AQ"}|0x2d7225f8
18:18:45.0 (107494987)|STATEMENT_EXECUTE|[139]
18:18:45.0 (107497565)|STATEMENT_EXECUTE|[140]
18:18:45.0 (107498431)|STATEMENT_EXECUTE|[141]
18:18:45.0 (107502977)|HEAP_ALLOCATE|[141]|Bytes:6848
18:18:45.0 (107507887)|VARIABLE_ASSIGNMENT|[141]|fullJson|"{\"Metadata\":{\"MsgTyp (6828 more) ..."
18:18:45.0 (107512743)|SYSTEM_METHOD_ENTRY|[139]|system.ListIterator.hasNext()
18:18:45.0 (107516953)|HEAP_ALLOCATE|[139]|Bytes:5
18:18:45.0 (107520544)|SYSTEM_METHOD_EXIT|[139]|system.ListIterator.hasNext()
18:18:45.0 (107524514)|HEAP_ALLOCATE|[139]|Bytes:16
18:18:45.0 (107528130)|VARIABLE_SCOPE_BEGIN|[139]|p|ERP_InboundPart__c|true|false
18:18:45.0 (107548039)|VARIABLE_ASSIGNMENT|[139]|p|{"PartNumber__c":2,"Payload__c":"{\"Metadata\":{\"MsgTyp (3404 more) ...","Id":"a3WRR000000jzAb2AI"}|0x67dbda6d
18:18:45.0 (107552105)|STATEMENT_EXECUTE|[139]
18:18:45.0 (107555501)|STATEMENT_EXECUTE|[140]
18:18:45.0 (107556340)|STATEMENT_EXECUTE|[141]
18:18:45.0 (107560720)|HEAP_ALLOCATE|[141]|Bytes:10272
18:18:45.0 (107565298)|VARIABLE_ASSIGNMENT|[141]|fullJson|"{\"Metadata\":{\"MsgTyp (10252 more) ..."
18:18:45.0 (107569580)|SYSTEM_METHOD_ENTRY|[139]|system.ListIterator.hasNext()
18:18:45.0 (107573533)|HEAP_ALLOCATE|[139]|Bytes:5
18:18:45.0 (107577144)|SYSTEM_METHOD_EXIT|[139]|system.ListIterator.hasNext()
18:18:45.0 (107582734)|VARIABLE_ASSIGNMENT|[139]|p|null|
18:18:45.0 (107586309)|STATEMENT_EXECUTE|[148]
18:18:45.0 (107589785)|VARIABLE_SCOPE_BEGIN|[148]|meta|Map<String,ANY>|true|false
18:18:45.0 (107596589)|VARIABLE_ASSIGNMENT|[148]|meta|null|
18:18:45.0 (107599545)|STATEMENT_EXECUTE|[149]
18:18:45.0 (107611865)|HEAP_ALLOCATE|[149]|Bytes:4
18:18:45.0 (107617004)|VARIABLE_SCOPE_BEGIN|[149]|combinedData|Map<String,ANY>|true|false
18:18:45.0 (107627116)|VARIABLE_ASSIGNMENT|[149]|combinedData|{}|0x1609873b
18:18:45.0 (107634245)|SYSTEM_METHOD_ENTRY|[151]|List<ERP_InboundPart__c>.iterator()
18:18:45.0 (107649423)|SYSTEM_METHOD_EXIT|[151]|List<ERP_InboundPart__c>.iterator()
18:18:45.0 (107653242)|SYSTEM_METHOD_ENTRY|[151]|system.ListIterator.hasNext()
18:18:45.0 (107655984)|HEAP_ALLOCATE|[151]|Bytes:5
18:18:45.0 (107658812)|SYSTEM_METHOD_EXIT|[151]|system.ListIterator.hasNext()
18:18:45.0 (107661971)|HEAP_ALLOCATE|[151]|Bytes:16
18:18:45.0 (107664754)|VARIABLE_SCOPE_BEGIN|[151]|p|ERP_InboundPart__c|true|false
18:18:45.0 (107684336)|VARIABLE_ASSIGNMENT|[151]|p|{"PartNumber__c":1,"Payload__c":"{\"Metadata\":{\"MsgTyp (3404 more) ...","Id":"a3WRR000000jz8z2AA"}|0x39e89b36
18:18:45.0 (107687263)|STATEMENT_EXECUTE|[151]
18:18:45.0 (107690451)|STATEMENT_EXECUTE|[153]
18:18:45.0 (107691252)|STATEMENT_EXECUTE|[155]
18:18:45.0 (107739804)|HEAP_ALLOCATE|[156]|Bytes:24
18:18:45.0 (107751246)|SYSTEM_METHOD_ENTRY|[1]|JSON.JSON()
18:18:45.0 (107753525)|STATEMENT_EXECUTE|[1]
18:18:45.0 (107760511)|SYSTEM_METHOD_EXIT|[1]|JSON
18:18:45.0 (107768506)|METHOD_ENTRY|[156]||System.JSON.deserializeUntyped(String)
18:18:45.0 (112836020)|METHOD_EXIT|[156]||System.JSON.deserializeUntyped(String)
18:18:45.0 (112849054)|VARIABLE_SCOPE_BEGIN|[155]|part|Map<String,ANY>|true|false
18:18:45.0 (112914077)|HEAP_ALLOCATE|[EXTERNAL]|Bytes:16
18:18:45.0 (112918526)|HEAP_ALLOCATE|[EXTERNAL]|Bytes:4
18:18:45.0 (112932818)|HEAP_ALLOCATE|[EXTERNAL]|Bytes:8
18:18:45.0 (112970664)|VARIABLE_ASSIGNMENT|[155]|part|{"Metadata":{"MsgType":"ERP-SF_OpportunityDa (2 more) ...","MsgTypeVersion":0.0,"MsgTimestamp":"2026-04-12T16:55:00. (13 more) ...","PartNumber":1,"TotalParts":2},"Data":{"OrderType":"Tubes","OrderCurrency":"EUR","Header":"Map of size 18 too large to display","Items":["Map of size 46 too large to display"]}}|0x3836dce
18:18:45.0 (112978414)|HEAP_ALLOCATE|[159]|Bytes:8
18:18:45.0 (112996157)|SYSTEM_METHOD_ENTRY|[159]|Map<String,ANY>.containsKey(Object)
18:18:45.0 (113011847)|SYSTEM_METHOD_EXIT|[159]|Map<String,ANY>.containsKey(Object)
18:18:45.0 (113019177)|STATEMENT_EXECUTE|[159]
18:18:45.0 (113020308)|STATEMENT_EXECUTE|[160]
18:18:45.0 (113037866)|SYSTEM_METHOD_ENTRY|[160]|Map<String,ANY>.get(Object)
18:18:45.0 (113057469)|SYSTEM_METHOD_EXIT|[160]|Map<String,ANY>.get(Object)
18:18:45.0 (113067660)|VARIABLE_ASSIGNMENT|[160]|meta|{"MsgType":"ERP-SF_OpportunityDa (2 more) ...","MsgTypeVersion":0.0,"MsgTimestamp":"2026-04-12T16:55:00. (13 more) ...","PartNumber":1,"TotalParts":2}|0x510e4f6c
18:18:45.0 (113072041)|HEAP_ALLOCATE|[164]|Bytes:4
18:18:45.0 (113076191)|SYSTEM_METHOD_ENTRY|[164]|Map<String,ANY>.containsKey(Object)
18:18:45.0 (113081518)|SYSTEM_METHOD_EXIT|[164]|Map<String,ANY>.containsKey(Object)
18:18:45.0 (113083708)|STATEMENT_EXECUTE|[164]
18:18:45.0 (113084602)|STATEMENT_EXECUTE|[165]
18:18:45.0 (113087318)|SYSTEM_METHOD_ENTRY|[166]|Map<String,ANY>.get(Object)
18:18:45.0 (113094928)|SYSTEM_METHOD_EXIT|[166]|Map<String,ANY>.get(Object)
18:18:45.0 (113097423)|VARIABLE_SCOPE_BEGIN|[165]|dataPart|Map<String,ANY>|true|false
18:18:45.0 (113106147)|VARIABLE_ASSIGNMENT|[165]|dataPart|{"OrderType":"Tubes","OrderCurrency":"EUR","Header":"Map of size 18 too large to display","Items":["Map of size 46 too large to display"]}|0x7dd7d9ec
18:18:45.0 (113109062)|STATEMENT_EXECUTE|[168]
18:18:45.0 (113112726)|SYSTEM_METHOD_ENTRY|[168]|Map<String,ANY>.putAll(Object)
18:18:45.0 (113123657)|HEAP_ALLOCATE|[EXTERNAL]|Bytes:-16
18:18:45.0 (113125472)|HEAP_ALLOCATE|[168]|Bytes:16
18:18:45.0 (113129152)|SYSTEM_METHOD_EXIT|[168]|Map<String,ANY>.putAll(Object)
18:18:45.0 (113135181)|SYSTEM_METHOD_ENTRY|[151]|system.ListIterator.hasNext()
18:18:45.0 (113140362)|HEAP_ALLOCATE|[151]|Bytes:5
18:18:45.0 (113144037)|SYSTEM_METHOD_EXIT|[151]|system.ListIterator.hasNext()
18:18:45.0 (113152367)|HEAP_ALLOCATE|[151]|Bytes:16
18:18:45.0 (113158365)|VARIABLE_SCOPE_BEGIN|[151]|p|ERP_InboundPart__c|true|false
18:18:45.0 (113222759)|VARIABLE_ASSIGNMENT|[151]|p|{"PartNumber__c":2,"Payload__c":"{\"Metadata\":{\"MsgTyp (3404 more) ...","Id":"a3WRR000000jz7N2AQ"}|0x2d7225f8
18:18:45.0 (113226732)|STATEMENT_EXECUTE|[151]
18:18:45.0 (113234373)|STATEMENT_EXECUTE|[153]
18:18:45.0 (113235226)|STATEMENT_EXECUTE|[155]
18:18:45.0 (113241058)|METHOD_ENTRY|[156]||System.JSON.deserializeUntyped(String)
18:18:45.0 (115758556)|METHOD_EXIT|[156]||System.JSON.deserializeUntyped(String)
18:18:45.0 (115769710)|VARIABLE_SCOPE_BEGIN|[155]|part|Map<String,ANY>|true|false
18:18:45.0 (115825352)|HEAP_ALLOCATE|[EXTERNAL]|Bytes:16
18:18:45.0 (115831439)|HEAP_ALLOCATE|[EXTERNAL]|Bytes:4
18:18:45.0 (115842966)|HEAP_ALLOCATE|[EXTERNAL]|Bytes:8
18:18:45.0 (115874718)|VARIABLE_ASSIGNMENT|[155]|part|{"Metadata":{"MsgType":"ERP-SF_OpportunityDa (2 more) ...","MsgTypeVersion":0.0,"MsgTimestamp":"2026-04-12T16:55:00. (13 more) ...","PartNumber":2,"TotalParts":2},"Data":{"OrderType":"Tubes","OrderCurrency":"EUR","Header":"Map of size 18 too large to display","Items":["Map of size 46 too large to display"]}}|0x5d173501
18:18:45.0 (115883577)|STATEMENT_EXECUTE|[159]
18:18:45.0 (115894314)|SYSTEM_METHOD_ENTRY|[164]|Map<String,ANY>.containsKey(Object)
18:18:45.0 (115900969)|SYSTEM_METHOD_EXIT|[164]|Map<String,ANY>.containsKey(Object)
18:18:45.0 (115904003)|STATEMENT_EXECUTE|[164]
18:18:45.0 (115904783)|STATEMENT_EXECUTE|[165]
18:18:45.0 (115907575)|SYSTEM_METHOD_ENTRY|[166]|Map<String,ANY>.get(Object)
18:18:45.0 (115917214)|SYSTEM_METHOD_EXIT|[166]|Map<String,ANY>.get(Object)
18:18:45.0 (115920158)|VARIABLE_SCOPE_BEGIN|[165]|dataPart|Map<String,ANY>|true|false
18:18:45.0 (115928510)|VARIABLE_ASSIGNMENT|[165]|dataPart|{"OrderType":"Tubes","OrderCurrency":"EUR","Header":"Map of size 18 too large to display","Items":["Map of size 46 too large to display"]}|0x4ed21c17
18:18:45.0 (115931560)|STATEMENT_EXECUTE|[168]
18:18:45.0 (115935060)|SYSTEM_METHOD_ENTRY|[168]|Map<String,ANY>.putAll(Object)
18:18:45.0 (115939585)|HEAP_ALLOCATE|[168]|Bytes:0
18:18:45.0 (115943658)|SYSTEM_METHOD_EXIT|[168]|Map<String,ANY>.putAll(Object)
18:18:45.0 (115949084)|SYSTEM_METHOD_ENTRY|[151]|system.ListIterator.hasNext()
18:18:45.0 (115953669)|HEAP_ALLOCATE|[151]|Bytes:5
18:18:45.0 (115957030)|SYSTEM_METHOD_EXIT|[151]|system.ListIterator.hasNext()
18:18:45.0 (115964886)|HEAP_ALLOCATE|[151]|Bytes:16
18:18:45.0 (115970045)|VARIABLE_SCOPE_BEGIN|[151]|p|ERP_InboundPart__c|true|false
18:18:45.0 (116027363)|VARIABLE_ASSIGNMENT|[151]|p|{"PartNumber__c":2,"Payload__c":"{\"Metadata\":{\"MsgTyp (3404 more) ...","Id":"a3WRR000000jzAb2AI"}|0x67dbda6d
18:18:45.0 (116031560)|STATEMENT_EXECUTE|[151]
18:18:45.0 (116038281)|STATEMENT_EXECUTE|[153]
18:18:45.0 (116039071)|STATEMENT_EXECUTE|[155]
18:18:45.0 (116043189)|METHOD_ENTRY|[156]||System.JSON.deserializeUntyped(String)
18:18:45.0 (118612931)|METHOD_EXIT|[156]||System.JSON.deserializeUntyped(String)
18:18:45.0 (118623553)|VARIABLE_SCOPE_BEGIN|[155]|part|Map<String,ANY>|true|false
18:18:45.0 (118677029)|HEAP_ALLOCATE|[EXTERNAL]|Bytes:16
18:18:45.0 (118681260)|HEAP_ALLOCATE|[EXTERNAL]|Bytes:4
18:18:45.0 (118689173)|HEAP_ALLOCATE|[EXTERNAL]|Bytes:8
18:18:45.0 (118719087)|VARIABLE_ASSIGNMENT|[155]|part|{"Metadata":{"MsgType":"ERP-SF_OpportunityDa (2 more) ...","MsgTypeVersion":0.0,"MsgTimestamp":"2026-04-12T16:55:00. (13 more) ...","PartNumber":2,"TotalParts":2},"Data":{"OrderType":"Tubes","OrderCurrency":"EUR","Header":"Map of size 18 too large to display","Items":["Map of size 46 too large to display"]}}|0x43c0399f
18:18:45.0 (118726911)|STATEMENT_EXECUTE|[159]
18:18:45.0 (118735133)|SYSTEM_METHOD_ENTRY|[164]|Map<String,ANY>.containsKey(Object)
18:18:45.0 (118740945)|SYSTEM_METHOD_EXIT|[164]|Map<String,ANY>.containsKey(Object)
18:18:45.0 (118743936)|STATEMENT_EXECUTE|[164]
18:18:45.0 (118744775)|STATEMENT_EXECUTE|[165]
18:18:45.0 (118747513)|SYSTEM_METHOD_ENTRY|[166]|Map<String,ANY>.get(Object)
18:18:45.0 (118756866)|SYSTEM_METHOD_EXIT|[166]|Map<String,ANY>.get(Object)
18:18:45.0 (118759732)|VARIABLE_SCOPE_BEGIN|[165]|dataPart|Map<String,ANY>|true|false
18:18:45.0 (118768071)|VARIABLE_ASSIGNMENT|[165]|dataPart|{"OrderType":"Tubes","OrderCurrency":"EUR","Header":"Map of size 18 too large to display","Items":["Map of size 46 too large to display"]}|0x592f8a6
18:18:45.0 (118771231)|STATEMENT_EXECUTE|[168]
18:18:45.0 (118774536)|SYSTEM_METHOD_ENTRY|[168]|Map<String,ANY>.putAll(Object)
18:18:45.0 (118779279)|HEAP_ALLOCATE|[168]|Bytes:0
18:18:45.0 (118783531)|SYSTEM_METHOD_EXIT|[168]|Map<String,ANY>.putAll(Object)
18:18:45.0 (118788613)|SYSTEM_METHOD_ENTRY|[151]|system.ListIterator.hasNext()
18:18:45.0 (118793421)|HEAP_ALLOCATE|[151]|Bytes:5
18:18:45.0 (118796702)|SYSTEM_METHOD_EXIT|[151]|system.ListIterator.hasNext()
18:18:45.0 (118803339)|VARIABLE_ASSIGNMENT|[151]|p|null|
18:18:45.0 (118806412)|STATEMENT_EXECUTE|[175]
18:18:45.0 (118812368)|HEAP_ALLOCATE|[175]|Bytes:4
18:18:45.0 (118822639)|SYSTEM_METHOD_ENTRY|[175]|Map<String,ANY>.put(Object, Object)
18:18:45.0 (118835476)|SYSTEM_METHOD_EXIT|[175]|Map<String,ANY>.put(Object, Object)
18:18:45.0 (118838524)|HEAP_ALLOCATE|[177]|Bytes:7
18:18:45.0 (118845052)|SYSTEM_METHOD_ENTRY|[175]|Map<String,ANY>.put(Object, Object)
18:18:45.0 (118851461)|SYSTEM_METHOD_EXIT|[175]|Map<String,ANY>.put(Object, Object)
18:18:45.0 (118854254)|VARIABLE_SCOPE_BEGIN|[175]|normalized|Map<String,ANY>|true|false
18:18:45.0 (118874174)|VARIABLE_ASSIGNMENT|[175]|normalized|{"Metadata":{"MsgType":"ERP-SF_OpportunityDa (2 more) ...","MsgTypeVersion":0.0,"MsgTimestamp":"2026-04-12T16:55:00. (13 more) ...","PartNumber":1,"TotalParts":2},"Payload":{"OrderType":"Tubes","OrderCurrency":"EUR","Header":"Map of size 18 too large to display","Items":["Map of size 46 too large to display"]}}|0xaf22d22
18:18:45.0 (118880199)|STATEMENT_EXECUTE|[180]
18:18:45.0 (118889716)|METHOD_ENTRY|[180]||System.JSON.serialize(Object)
18:18:45.0 (121606828)|METHOD_EXIT|[180]||System.JSON.serialize(Object)
18:18:45.0 (121616245)|VARIABLE_SCOPE_BEGIN|[180]|normalizedJson|String|false|false
18:18:45.0 (121633266)|VARIABLE_ASSIGNMENT|[180]|normalizedJson|"{\"Payload\":{\"Items\": (3407 more) ..."
18:18:45.0 (121636664)|STATEMENT_EXECUTE|[185]
18:18:45.0 (202166633)|HEAP_ALLOCATE|[186]|Bytes:17
18:18:45.0 (202208530)|METHOD_ENTRY|[1]|01pRR00000NTqZ3|IntegrationOrchestrator.IntegrationOrchestrator()
18:18:45.0 (202215742)|STATEMENT_EXECUTE|[1]
18:18:45.0 (202222267)|STATEMENT_EXECUTE|[1]
18:18:45.0 (202236301)|HEAP_ALLOCATE|[186]|Bytes:5
18:18:45.0 (202250909)|METHOD_EXIT|[1]|IntegrationOrchestrator
18:18:45.0 (202283321)|METHOD_ENTRY|[186]|01pRR00000NTqZ3|IntegrationOrchestrator.process(String, String)
18:18:45.0 (211399317)|VARIABLE_SCOPE_BEGIN|[3]|rawJson|String|false|false
18:18:45.0 (211434671)|VARIABLE_ASSIGNMENT|[3]|rawJson|"{\"Payload\":{\"Items\": (3407 more) ..."
18:18:45.0 (211438254)|VARIABLE_SCOPE_BEGIN|[3]|fallbackMessageType|String|false|false
18:18:45.0 (211443281)|VARIABLE_ASSIGNMENT|[3]|fallbackMessageType|null
18:18:45.0 (211459142)|HEAP_ALLOCATE|[8]|Bytes:5
18:18:45.0 (211465989)|STATEMENT_EXECUTE|[6]
18:18:45.0 (211466969)|STATEMENT_EXECUTE|[8]
18:18:45.0 (211473214)|HEAP_ALLOCATE|[8]|Bytes:18
18:18:45.0 (211477085)|HEAP_ALLOCATE|[8]|Bytes:5
18:18:45.0 (211492512)|METHOD_ENTRY|[1]|01pRR00000NWbFJ|IntegrationResponse.IntegrationResponse()
18:18:45.0 (211495711)|STATEMENT_EXECUTE|[1]
18:18:45.0 (211497909)|STATEMENT_EXECUTE|[1]
18:18:45.0 (211498671)|STATEMENT_EXECUTE|[38]
18:18:45.0 (211503957)|METHOD_EXIT|[1]|IntegrationResponse
18:18:45.0 (211645587)|HEAP_ALLOCATE|[8]|Bytes:52
18:18:45.0 (211666180)|CONSTRUCTOR_ENTRY|[8]|01pRR00000NWbFJ|<init>()|IntegrationResponse
18:18:45.0 (211700326)|VARIABLE_SCOPE_BEGIN|[1]|this|IntegrationResponse|true|false
18:18:45.0 (211843337)|VARIABLE_ASSIGNMENT|[1]|this|{}|0x7c389418
18:18:45.0 (211865541)|STATEMENT_EXECUTE|[1]
18:18:45.0 (211866587)|STATEMENT_EXECUTE|[7]
18:18:45.0 (211867460)|STATEMENT_EXECUTE|[8]
18:18:45.0 (211868147)|STATEMENT_EXECUTE|[10]
18:18:45.0 (211868893)|STATEMENT_EXECUTE|[11]
18:18:45.0 (211869587)|STATEMENT_EXECUTE|[12]
18:18:45.0 (211870276)|STATEMENT_EXECUTE|[14]
18:18:45.0 (211871063)|STATEMENT_EXECUTE|[15]
18:18:45.0 (211871785)|STATEMENT_EXECUTE|[21]
18:18:45.0 (211872446)|STATEMENT_EXECUTE|[23]
18:18:45.0 (211873151)|STATEMENT_EXECUTE|[24]
18:18:45.0 (211873833)|STATEMENT_EXECUTE|[26]
18:18:45.0 (211874547)|STATEMENT_EXECUTE|[32]
18:18:45.0 (211878677)|CONSTRUCTOR_EXIT|[8]|01pRR00000NWbFJ|<init>()|IntegrationResponse
18:18:45.0 (211883742)|VARIABLE_SCOPE_BEGIN|[8]|response|IntegrationResponse|true|false
18:18:45.0 (211932788)|VARIABLE_ASSIGNMENT|[8]|response|{}|0x7c389418
18:18:45.0 (211935529)|STATEMENT_EXECUTE|[9]
18:18:45.0 (211951610)|SYSTEM_METHOD_ENTRY|[9]|System.now()
18:18:45.0 (211981122)|HEAP_ALLOCATE|[9]|Bytes:56
18:18:45.0 (211985591)|SYSTEM_METHOD_EXIT|[9]|System.now()
18:18:45.0 (212049121)|VARIABLE_ASSIGNMENT|[9]|this.timestamp|"2026-04-12T15:18:45.530Z"|0x7c389418
18:18:45.0 (212052745)|STATEMENT_EXECUTE|[11]
18:18:45.0 (212053607)|STATEMENT_EXECUTE|[11]
18:18:45.0 (212054356)|STATEMENT_EXECUTE|[16]
18:18:45.0 (212060052)|METHOD_ENTRY|[17]||System.JSON.deserializeUntyped(String)
18:18:45.0 (214898796)|METHOD_EXIT|[17]||System.JSON.deserializeUntyped(String)
18:18:45.0 (214912491)|VARIABLE_SCOPE_BEGIN|[16]|untyped|Map<String,ANY>|true|false
18:18:45.0 (214953733)|HEAP_ALLOCATE|[EXTERNAL]|Bytes:4
18:18:45.0 (214964467)|HEAP_ALLOCATE|[EXTERNAL]|Bytes:16
18:18:45.0 (214976818)|HEAP_ALLOCATE|[EXTERNAL]|Bytes:8
18:18:45.0 (215021671)|VARIABLE_ASSIGNMENT|[16]|untyped|{"Payload":{"Items":["Map of size 46 too large to display"],"Header":"Map of size 18 too large to display","OrderCurrency":"EUR","OrderType":"Tubes"},"Metadata":{"TotalParts":2,"PartNumber":1,"MsgTimestamp":"2026-04-12T16:55:00. (13 more) ...","MsgTypeVersion":0.0,"MsgType":"ERP-SF_OpportunityDa (2 more) ..."}}|0x2486d68b
18:18:45.0 (215027345)|STATEMENT_EXECUTE|[19]
18:18:45.0 (215041612)|SYSTEM_METHOD_ENTRY|[21]|Map<String,ANY>.containsKey(Object)
18:18:45.0 (215058821)|SYSTEM_METHOD_EXIT|[21]|Map<String,ANY>.containsKey(Object)
18:18:45.0 (215066266)|SYSTEM_METHOD_ENTRY|[22]|Map<String,ANY>.get(Object)
18:18:45.0 (215082632)|SYSTEM_METHOD_EXIT|[22]|Map<String,ANY>.get(Object)
18:18:45.0 (215085955)|VARIABLE_SCOPE_BEGIN|[19]|metaMap|Map<String,ANY>|true|false
18:18:45.0 (215095201)|VARIABLE_ASSIGNMENT|[19]|metaMap|{"TotalParts":2,"PartNumber":1,"MsgTimestamp":"2026-04-12T16:55:00. (13 more) ...","MsgTypeVersion":0.0,"MsgType":"ERP-SF_OpportunityDa (2 more) ..."}|0x6e4fd58d
18:18:45.0 (215099666)|STATEMENT_EXECUTE|[26]
18:18:45.0 (215100612)|STATEMENT_EXECUTE|[30]
18:18:45.0 (215105361)|METHOD_ENTRY|[33]||System.JSON.serialize(Object)
18:18:45.0 (215352451)|METHOD_EXIT|[33]||System.JSON.serialize(Object)
18:18:45.0 (215355998)|HEAP_ALLOCATE|[34]|Bytes:32
18:18:45.0 (229913178)|HEAP_ALLOCATE|[34]|Bytes:33
18:18:45.0 (229934128)|SYSTEM_METHOD_ENTRY|[1]|Type.Type()
18:18:45.0 (229937547)|STATEMENT_EXECUTE|[1]
18:18:45.0 (229946929)|SYSTEM_METHOD_EXIT|[1]|Type
18:18:45.0 (229953196)|HEAP_ALLOCATE|[34]|Bytes:8
18:18:45.0 (229969603)|HEAP_ALLOCATE|[34]|Bytes:8
18:18:45.0 (229972848)|VARIABLE_SCOPE_BEGIN|[4]|this|System.Type|true|false
18:18:45.0 (230051093)|VARIABLE_ASSIGNMENT|[4]|this|{}|0x76bfd77b
18:18:45.0 (230055063)|VARIABLE_SCOPE_BEGIN|[4]|apextype|java:common.apex.runtime.ApexObjectType|true|false
18:18:45.0 (230172822)|VARIABLE_ASSIGNMENT|[4]|apextype|"ERPMessageParser.MessageMetadata"|0x55392d91
18:18:45.0 (230205199)|HEAP_ALLOCATE|[34]|Bytes:8
18:18:45.0 (230218422)|METHOD_ENTRY|[32]||System.JSON.deserialize(String, System.Type)
18:18:45.0 (230547884)|METHOD_EXIT|[32]||System.JSON.deserialize(String, System.Type)
18:18:45.0 (230554782)|VARIABLE_SCOPE_BEGIN|[30]|meta|ERPMessageParser.MessageMetadata|true|false
18:18:45.0 (230623613)|VARIABLE_ASSIGNMENT|[30]|meta|{"msgTimestamp":"2026-04-12T14:55:00.799Z","msgType":"ERP-SF_OpportunityDa (2 more) ...","msgTypeVersion":0.0,"partNumber":1,"totalParts":2}|0x5010752
18:18:45.0 (230628228)|STATEMENT_EXECUTE|[40]
18:18:45.0 (230651996)|SYSTEM_METHOD_ENTRY|[40]|String.isBlank(String)
18:18:45.0 (230668299)|SYSTEM_METHOD_EXIT|[40]|String.isBlank(String)
18:18:45.0 (230675353)|VARIABLE_SCOPE_BEGIN|[40]|messageType|String|false|false
18:18:45.0 (230682224)|VARIABLE_ASSIGNMENT|[40]|messageType|"ERP-SF_OpportunityDa (2 more) ..."
18:18:45.0 (230686988)|SYSTEM_METHOD_ENTRY|[44]|String.isBlank(String)
18:18:45.0 (230692927)|SYSTEM_METHOD_EXIT|[44]|String.isBlank(String)
18:18:45.0 (230695148)|STATEMENT_EXECUTE|[44]
18:18:45.0 (230696031)|STATEMENT_EXECUTE|[51]
18:18:45.0 (230702728)|METHOD_ENTRY|[51]|01pRR00000NTqZ3|IntegrationOrchestrator.resolveDirection(String)
18:18:45.0 (230710086)|VARIABLE_SCOPE_BEGIN|[159]|messageType|String|false|false
18:18:45.0 (230714909)|VARIABLE_ASSIGNMENT|[159]|messageType|"ERP-SF_OpportunityDa (2 more) ..."
18:18:45.0 (230722469)|HEAP_ALLOCATE|[161]|Bytes:5
18:18:45.0 (230724813)|STATEMENT_EXECUTE|[159]
18:18:45.0 (230728055)|HEAP_ALLOCATE|[161]|Bytes:4
18:18:45.0 (230736569)|SYSTEM_METHOD_ENTRY|[161]|String.startsWith(String)
18:18:45.0 (230743962)|SYSTEM_METHOD_EXIT|[161]|String.startsWith(String)
18:18:45.0 (230746582)|STATEMENT_EXECUTE|[161]
18:18:45.0 (230747500)|STATEMENT_EXECUTE|[165]
18:18:45.0 (230748785)|HEAP_ALLOCATE|[165]|Bytes:6
18:18:45.0 (230754590)|METHOD_EXIT|[51]|01pRR00000NTqZ3|IntegrationOrchestrator.resolveDirection(String)
18:18:45.0 (230756854)|VARIABLE_SCOPE_BEGIN|[51]|direction|String|false|false
18:18:45.0 (230761689)|VARIABLE_ASSIGNMENT|[51]|direction|"ERP_SF"
18:18:45.0 (230763653)|STATEMENT_EXECUTE|[56]
18:18:45.0 (230768249)|METHOD_ENTRY|[57]|01pRR00000NTqZ3|IntegrationOrchestrator.getRoute(String, String)
18:18:45.0 (230823102)|VARIABLE_SCOPE_BEGIN|[171]|messageType|String|false|false
18:18:45.0 (230828039)|VARIABLE_ASSIGNMENT|[171]|messageType|"ERP-SF_OpportunityDa (2 more) ..."
18:18:45.0 (230830012)|VARIABLE_SCOPE_BEGIN|[171]|direction|String|false|false
18:18:45.0 (230833559)|VARIABLE_ASSIGNMENT|[171]|direction|"ERP_SF"
18:18:45.0 (230837996)|HEAP_ALLOCATE|[175]|Bytes:5
18:18:45.0 (230840207)|STATEMENT_EXECUTE|[174]
18:18:45.0 (230840974)|STATEMENT_EXECUTE|[175]
18:18:45.0 (230842473)|HEAP_ALLOCATE|[175]|Bytes:167
18:18:45.0 (230856786)|HEAP_ALLOCATE|[175]|Bytes:4
18:18:45.0 (230871787)|HEAP_ALLOCATE|[175]|Bytes:7
18:18:45.0 (231222950)|SOQL_EXECUTE_BEGIN|[175]|Aggregations:0|SELECT MessageCode__c, Direction__c, HandlerClass__c, Active__c FROM IntegrationMessageRoute__mdt WHERE (MessageCode__c = :tmpVar1 AND Direction__c = :tmpVar2) LIMIT 1
18:18:45.0 (241424521)|SOQL_EXECUTE_EXPLAIN|[175]|No explain plan is available
18:18:45.0 (241437264)|SOQL_EXECUTE_END|[175]|Rows:1
18:18:45.0 (241458673)|LIMIT_USAGE|[175]|SOQL_ROWS|12|50000
18:18:45.0 (241468682)|HEAP_ALLOCATE|[175]|Bytes:8
18:18:45.0 (241483365)|HEAP_ALLOCATE|[175]|Bytes:152
18:18:45.0 (241544204)|HEAP_ALLOCATE|[175]|Bytes:8
18:18:45.0 (241556370)|VARIABLE_SCOPE_BEGIN|[175]|routes|List<IntegrationMessageRoute__mdt>|true|false
18:18:45.0 (241639540)|VARIABLE_ASSIGNMENT|[175]|routes|[{"MessageCode__c":"ERP-SF_OpportunityDa (2 more) ...","Direction__c":"ERP_SF","HandlerClass__c":"ERP_SF_OpportunityHa (5 more) ...","Id":"m0qRR000005ysHNYAY","Active__c":true}]|0x2596a190
18:18:45.0 (241644566)|STATEMENT_EXECUTE|[186]
18:18:45.0 (241685718)|SYSTEM_METHOD_ENTRY|[186]|List<IntegrationMessageRoute__mdt>.isEmpty()
18:18:45.0 (241708977)|SYSTEM_METHOD_EXIT|[186]|List<IntegrationMessageRoute__mdt>.isEmpty()
18:18:45.0 (241724487)|HEAP_ALLOCATE|[186]|Bytes:24
18:18:45.0 (241735509)|METHOD_EXIT|[57]|01pRR00000NTqZ3|IntegrationOrchestrator.getRoute(String, String)
18:18:45.0 (241739330)|VARIABLE_SCOPE_BEGIN|[56]|route|IntegrationMessageRoute__mdt|true|false
18:18:45.0 (241765903)|VARIABLE_ASSIGNMENT|[56]|route|{"MessageCode__c":"ERP-SF_OpportunityDa (2 more) ...","Direction__c":"ERP_SF","HandlerClass__c":"ERP_SF_OpportunityHa (5 more) ...","Id":"m0qRR000005ysHNYAY","Active__c":true}|0x7013980f
18:18:45.0 (241795484)|STATEMENT_EXECUTE|[59]
18:18:45.0 (241796547)|STATEMENT_EXECUTE|[66]
18:18:45.0 (251042854)|HEAP_ALLOCATE|[66]|Bytes:26
18:18:45.0 (251069960)|METHOD_ENTRY|[1]|01pRR00000NTqNl|IntegrationContext.IntegrationContext()
18:18:45.0 (251073831)|STATEMENT_EXECUTE|[1]
18:18:45.0 (251077929)|STATEMENT_EXECUTE|[1]
18:18:45.0 (251083535)|METHOD_EXIT|[1]|IntegrationContext
18:18:45.0 (256639340)|HEAP_ALLOCATE|[66]|Bytes:40
18:18:45.0 (256674909)|CONSTRUCTOR_ENTRY|[66]|01pRR00000NTqNl|<init>()|IntegrationContext
18:18:45.0 (256710578)|VARIABLE_SCOPE_BEGIN|[1]|this|IntegrationContext|true|false
18:18:45.0 (257115685)|VARIABLE_ASSIGNMENT|[1]|this|{}|0x53dbaa91
18:18:45.0 (257146416)|STATEMENT_EXECUTE|[1]
18:18:45.0 (257147852)|STATEMENT_EXECUTE|[6]
18:18:45.0 (257149603)|STATEMENT_EXECUTE|[7]
18:18:45.0 (257150707)|STATEMENT_EXECUTE|[8]
18:18:45.0 (257151748)|STATEMENT_EXECUTE|[13]
18:18:45.0 (257152880)|STATEMENT_EXECUTE|[14]
18:18:45.0 (257153982)|STATEMENT_EXECUTE|[19]
18:18:45.0 (257169950)|HEAP_ALLOCATE|[19]|Bytes:4
18:18:45.0 (257224364)|VARIABLE_ASSIGNMENT|[19]|this.results|{}|0x53dbaa91
18:18:45.0 (257228329)|STATEMENT_EXECUTE|[36]
18:18:45.0 (257229615)|STATEMENT_EXECUTE|[49]
18:18:45.0 (257238467)|HEAP_ALLOCATE|[49]|Bytes:4
18:18:45.0 (257254378)|SYSTEM_CONSTRUCTOR_ENTRY|[49]|<init>()
18:18:45.0 (257305905)|SYSTEM_CONSTRUCTOR_EXIT|[49]|<init>()
18:18:45.0 (257338611)|HEAP_ALLOCATE|[EXTERNAL]|Bytes:4
18:18:45.0 (257351084)|VARIABLE_ASSIGNMENT|[49]|this.errors|[]|0x53dbaa91
18:18:45.0 (257355469)|STATEMENT_EXECUTE|[73]
18:18:45.0 (257364025)|HEAP_ALLOCATE|[73]|Bytes:5
18:18:45.0 (257427477)|VARIABLE_ASSIGNMENT|[73]|this.stopProcessing|false|0x53dbaa91
18:18:45.0 (257436344)|CONSTRUCTOR_EXIT|[66]|01pRR00000NTqNl|<init>()|IntegrationContext
18:18:45.0 (257442625)|VARIABLE_SCOPE_BEGIN|[66]|context|IntegrationContext|true|false
18:18:45.0 (257514103)|VARIABLE_ASSIGNMENT|[66]|context|{"errors":"0x6945b023","results":"0x6490785e","stopProcessing":false}|0x53dbaa91
18:18:45.0 (257519011)|STATEMENT_EXECUTE|[67]
18:18:45.0 (257530429)|VARIABLE_ASSIGNMENT|[67]|this.rawJson|"{\"Payload\":{\"Items\": (3407 more) ..."|0x53dbaa91
18:18:45.0 (257534496)|STATEMENT_EXECUTE|[68]
18:18:45.0 (257539392)|VARIABLE_ASSIGNMENT|[68]|this.direction|"ERP_SF"|0x53dbaa91
18:18:45.0 (257542716)|STATEMENT_EXECUTE|[69]
18:18:45.0 (257548647)|VARIABLE_ASSIGNMENT|[69]|this.messageType|"ERP-SF_OpportunityDa (2 more) ..."|0x53dbaa91
18:18:45.0 (257552431)|STATEMENT_EXECUTE|[70]
18:18:45.0 (257608061)|VARIABLE_ASSIGNMENT|[70]|this.handlerKey|"ERP_SF_OpportunityHa (5 more) ..."|0x53dbaa91
18:18:45.0 (257613026)|STATEMENT_EXECUTE|[75]
18:18:45.0 (257633744)|METHOD_ENTRY|[76]|01pRR00000NTqZ3|IntegrationOrchestrator.instantiateHandler(String)
18:18:45.0 (266010292)|VARIABLE_SCOPE_BEGIN|[192]|className|String|false|false
18:18:45.0 (266077647)|VARIABLE_ASSIGNMENT|[192]|className|"ERP_SF_OpportunityHa (5 more) ..."
18:18:45.0 (266099816)|HEAP_ALLOCATE|[193]|Bytes:5
18:18:45.0 (266106375)|STATEMENT_EXECUTE|[192]
18:18:45.0 (266107896)|STATEMENT_EXECUTE|[193]
18:18:45.0 (266109075)|STATEMENT_EXECUTE|[193]
18:18:45.0 (266110441)|STATEMENT_EXECUTE|[194]
18:18:45.0 (266127133)|METHOD_ENTRY|[194]||System.Type.forName(String)
18:18:45.0 (266544624)|METHOD_EXIT|[194]||System.Type.forName(String)
18:18:45.0 (266551079)|VARIABLE_SCOPE_BEGIN|[194]|t|System.Type|true|false
18:18:45.0 (266567735)|VARIABLE_ASSIGNMENT|[194]|t|null|
18:18:45.0 (266571464)|STATEMENT_EXECUTE|[195]
18:18:45.0 (266631386)|HEAP_ALLOCATE|[195]|Bytes:41
18:18:45.0 (266702006)|VARIABLE_SCOPE_BEGIN|[196]|e|Exception|true|false
18:18:45.0 (266754172)|VARIABLE_ASSIGNMENT|[196]|e|"common.apex.runtime.impl.ExecutionException: Attempt to de-reference a null object"|0x2b156be9
18:18:45.0 (266759113)|STATEMENT_EXECUTE|[196]
18:18:45.0 (266760558)|STATEMENT_EXECUTE|[197]
18:18:45.0 (266769128)|METHOD_EXIT|[76]|01pRR00000NTqZ3|IntegrationOrchestrator.instantiateHandler(String)
18:18:45.0 (266774568)|VARIABLE_SCOPE_BEGIN|[75]|handler|IIntegrationHandler|true|false
18:18:45.0 (266782414)|VARIABLE_ASSIGNMENT|[75]|handler|null|
18:18:45.0 (266786435)|STATEMENT_EXECUTE|[78]
18:18:45.0 (266787846)|STATEMENT_EXECUTE|[79]
18:18:45.0 (266792181)|HEAP_ALLOCATE|[79]|Bytes:12
18:18:45.0 (266795963)|HEAP_ALLOCATE|[79]|Bytes:17
18:18:45.0 (266827741)|METHOD_ENTRY|[79]|01pRR00000NTqZ3|IntegrationOrchestrator.buildError(String, String, String, Integer)
18:18:45.0 (266846167)|VARIABLE_SCOPE_BEGIN|[204]|handler|String|false|false
18:18:45.0 (266854506)|VARIABLE_ASSIGNMENT|[204]|handler|"Orchestrator"
18:18:45.0 (266858013)|VARIABLE_SCOPE_BEGIN|[204]|code|String|false|false
18:18:45.0 (266864985)|VARIABLE_ASSIGNMENT|[204]|code|"HANDLER_NOT_FOUND"
18:18:45.0 (266868107)|VARIABLE_SCOPE_BEGIN|[204]|value|String|false|false
18:18:45.0 (266875897)|VARIABLE_ASSIGNMENT|[204]|value|"ERP_SF_OpportunityHa (5 more) ..."
18:18:45.0 (266879903)|VARIABLE_SCOPE_BEGIN|[204]|httpStatus|Integer|false|false
18:18:45.0 (266887418)|VARIABLE_ASSIGNMENT|[204]|httpStatus|500
18:18:45.0 (266898757)|HEAP_ALLOCATE|[210]|Bytes:5
18:18:45.0 (266901863)|STATEMENT_EXECUTE|[209]
18:18:45.0 (266903214)|STATEMENT_EXECUTE|[210]
18:18:45.0 (266909107)|HEAP_ALLOCATE|[210]|Bytes:52
18:18:45.0 (266922341)|CONSTRUCTOR_ENTRY|[210]|01pRR00000NWbFJ|<init>()|IntegrationResponse
18:18:45.0 (266935206)|VARIABLE_SCOPE_BEGIN|[1]|this|IntegrationResponse|true|false
18:18:45.0 (267073432)|VARIABLE_ASSIGNMENT|[1]|this|{}|0x2464cb73
18:18:45.0 (267095201)|STATEMENT_EXECUTE|[1]
18:18:45.0 (267096715)|STATEMENT_EXECUTE|[7]
18:18:45.0 (267098061)|STATEMENT_EXECUTE|[8]
18:18:45.0 (267099219)|STATEMENT_EXECUTE|[10]
18:18:45.0 (267100520)|STATEMENT_EXECUTE|[11]
18:18:45.0 (267101684)|STATEMENT_EXECUTE|[12]
18:18:45.0 (267102842)|STATEMENT_EXECUTE|[14]
18:18:45.0 (267103989)|STATEMENT_EXECUTE|[15]
18:18:45.0 (267105148)|STATEMENT_EXECUTE|[21]
18:18:45.0 (267106300)|STATEMENT_EXECUTE|[23]
18:18:45.0 (267107550)|STATEMENT_EXECUTE|[24]
18:18:45.0 (267108672)|STATEMENT_EXECUTE|[26]
18:18:45.0 (267109893)|STATEMENT_EXECUTE|[32]
18:18:45.0 (267114515)|CONSTRUCTOR_EXIT|[210]|01pRR00000NWbFJ|<init>()|IntegrationResponse
18:18:45.0 (267119860)|VARIABLE_SCOPE_BEGIN|[210]|response|IntegrationResponse|true|false
18:18:45.0 (267151455)|VARIABLE_ASSIGNMENT|[210]|response|{}|0x2464cb73
18:18:45.0 (267155786)|STATEMENT_EXECUTE|[211]
18:18:45.0 (267162346)|HEAP_ALLOCATE|[211]|Bytes:5
18:18:45.0 (267177356)|VARIABLE_ASSIGNMENT|[211]|this.success|false|0x2464cb73
18:18:45.0 (267181849)|STATEMENT_EXECUTE|[212]
18:18:45.0 (267185897)|HEAP_ALLOCATE|[212]|Bytes:4
18:18:45.0 (267191469)|VARIABLE_ASSIGNMENT|[212]|this.statusCode|500|0x2464cb73
18:18:45.0 (267195402)|STATEMENT_EXECUTE|[213]
18:18:45.0 (267200961)|VARIABLE_ASSIGNMENT|[213]|this.code|"HANDLER_NOT_FOUND"|0x2464cb73
18:18:45.0 (267205219)|STATEMENT_EXECUTE|[215]
18:18:45.0 (275737859)|VARIABLE_SCOPE_BEGIN|[3]|ExceptionMessageProvider.byDevName|Map<String,ExceptionMessages__mdt>|true|true
18:18:45.0 (275753451)|VARIABLE_SCOPE_BEGIN|[4]|ExceptionMessageProvider.byHandlerAndCode|Map<String,ExceptionMessages__mdt>|true|true
18:18:45.0 (275772118)|HEAP_ALLOCATE|[216]|Bytes:17
18:18:45.0 (275784465)|STATEMENT_EXECUTE|[1]
18:18:45.0 (275811627)|METHOD_ENTRY|[216]|01pRR00000NTpbN|ExceptionMessageProvider.buildByHandler(String, String, String, Boolean)
18:18:45.0 (275832389)|VARIABLE_SCOPE_BEGIN|[101]|handler|String|false|false
18:18:45.0 (275847178)|VARIABLE_ASSIGNMENT|[101]|handler|"Orchestrator"
18:18:45.0 (275851406)|VARIABLE_SCOPE_BEGIN|[101]|code|String|false|false
18:18:45.0 (275858676)|VARIABLE_ASSIGNMENT|[101]|code|"HANDLER_NOT_FOUND"
18:18:45.0 (275861951)|VARIABLE_SCOPE_BEGIN|[101]|value|String|false|false
18:18:45.0 (275869969)|VARIABLE_ASSIGNMENT|[101]|value|"ERP_SF_OpportunityHa (5 more) ..."
18:18:45.0 (275878365)|VARIABLE_SCOPE_BEGIN|[101]|withValue|Boolean|false|false
18:18:45.0 (275885565)|VARIABLE_ASSIGNMENT|[101]|withValue|true
18:18:45.0 (275890864)|STATEMENT_EXECUTE|[106]
18:18:45.0 (275892249)|STATEMENT_EXECUTE|[107]
18:18:45.0 (275909696)|METHOD_ENTRY|[108]|01pRR00000NTpbN|ExceptionMessageProvider.getByHandlerAndCode(String, String)
18:18:45.0 (275938459)|VARIABLE_SCOPE_BEGIN|[51]|handler|String|false|false
18:18:45.0 (275945587)|VARIABLE_ASSIGNMENT|[51]|handler|"Orchestrator"
18:18:45.0 (275948790)|VARIABLE_SCOPE_BEGIN|[51]|code|String|false|false
18:18:45.0 (275955386)|VARIABLE_ASSIGNMENT|[51]|code|"HANDLER_NOT_FOUND"
18:18:45.0 (275959082)|STATEMENT_EXECUTE|[54]
18:18:45.0 (275960354)|STATEMENT_EXECUTE|[55]
18:18:45.0 (275963960)|METHOD_ENTRY|[55]|01pRR00000NTpbN|ExceptionMessageProvider.ensureLoaded()
18:18:45.0 (275983825)|STATEMENT_EXECUTE|[6]
18:18:45.0 (275991261)|STATEMENT_EXECUTE|[7]
18:18:45.0 (275992672)|STATEMENT_EXECUTE|[11]
18:18:45.0 (276008131)|HEAP_ALLOCATE|[11]|Bytes:4
18:18:45.0 (276084348)|VARIABLE_ASSIGNMENT|[11]|ExceptionMessageProvider.byDevName|{}|0x55f669af
18:18:45.0 (276089193)|STATEMENT_EXECUTE|[12]
18:18:45.0 (276096273)|HEAP_ALLOCATE|[12]|Bytes:4
18:18:45.0 (276104456)|VARIABLE_ASSIGNMENT|[12]|ExceptionMessageProvider.byHandlerAndCode|{}|0x19cbc7ae
18:18:45.0 (276112611)|HEAP_ALLOCATE|[14]|Bytes:76
18:18:45.0 (276120986)|HEAP_ALLOCATE|[14]|Bytes:4
18:18:45.0 (276399064)|SOQL_EXECUTE_BEGIN|[14]|Aggregations:0|SELECT DeveloperName, Handler__c, MessageText__c FROM ExceptionMessages__mdt
18:18:45.0 (290799371)|SOQL_EXECUTE_EXPLAIN|[14]|No explain plan is available
18:18:45.0 (290813082)|SOQL_EXECUTE_END|[14]|Rows:10
18:18:45.0 (290836069)|LIMIT_USAGE|[14]|SOQL_ROWS|22|50000
18:18:45.0 (290847010)|HEAP_ALLOCATE|[EXTERNAL]|Bytes:44
18:18:45.0 (290931242)|SYSTEM_METHOD_ENTRY|[14]|Database.QueryLocator.iterator()
18:18:45.0 (291009340)|HEAP_ALLOCATE|[14]|Bytes:28
18:18:45.0 (291075894)|HEAP_ALLOCATE|[14]|Bytes:44
18:18:45.0 (291085734)|HEAP_ALLOCATE|[14]|Bytes:8
18:18:45.0 (291088275)|HEAP_ALLOCATE|[14]|Bytes:8
18:18:45.0 (291093629)|VARIABLE_SCOPE_BEGIN|[15]|this|Database.QueryLocatorIterator|true|false
18:18:45.0 (291240704)|VARIABLE_ASSIGNMENT|[15]|this|{}|0x54b4c28d
18:18:45.0 (291246249)|VARIABLE_SCOPE_BEGIN|[15]|values|List<SObject>|true|false
18:18:45.0 (291261541)|VARIABLE_ASSIGNMENT|[15]|values|"List of size 10 too large to display"|0x2013bbc7
18:18:45.0 (291265953)|VARIABLE_SCOPE_BEGIN|[15]|ql|Database.QueryLocator|true|false
18:18:45.0 (291282770)|VARIABLE_ASSIGNMENT|[15]|ql|{"query":"SELECT DeveloperName (56 more) ..."}|0x374d6e8b
18:18:45.0 (291287001)|VARIABLE_SCOPE_BEGIN|[15]|totalNumRecords|Integer|false|false
18:18:45.0 (291294820)|VARIABLE_ASSIGNMENT|[15]|totalNumRecords|10
18:18:45.0 (291298482)|VARIABLE_SCOPE_BEGIN|[15]|queryMoreSize|Integer|false|false
18:18:45.0 (291304441)|VARIABLE_ASSIGNMENT|[15]|queryMoreSize|49978
18:18:45.0 (291362604)|SYSTEM_METHOD_EXIT|[14]|Database.QueryLocator.iterator()
18:18:45.0 (291381123)|METHOD_ENTRY|[14]||Database.QueryLocatorIterator.hasNext()
18:18:45.0 (291460273)|METHOD_EXIT|[14]||Database.QueryLocatorIterator.hasNext()
18:18:45.0 (291466669)|METHOD_ENTRY|[14]||Database.QueryLocatorIterator.next()
18:18:45.0 (291552973)|METHOD_EXIT|[14]||Database.QueryLocatorIterator.next()
18:18:45.0 (291559547)|VARIABLE_SCOPE_BEGIN|[14]|m|ExceptionMessages__mdt|true|false
18:18:45.0 (291643903)|VARIABLE_ASSIGNMENT|[14]|m|{"Id":"m0RRR00000ACHfF2AX","DeveloperName":"ALL_ITEMS_PAR_MUST_R (8 more) ...","MessageText__c":"PAR was not saved. A (82 more) ...","Handler__c":"PAR"}|0x64e84a87
18:18:45.0 (291651712)|STATEMENT_EXECUTE|[17]
18:18:45.0 (291653217)|STATEMENT_EXECUTE|[20]
18:18:45.0 (291706477)|SYSTEM_METHOD_ENTRY|[20]|Map<String,ExceptionMessages__mdt>.put(Object, Object)
18:18:45.0 (291728546)|HEAP_ALLOCATE|[EXTERNAL]|Bytes:-4
18:18:45.0 (291736969)|SYSTEM_METHOD_EXIT|[20]|Map<String,ExceptionMessages__mdt>.put(Object, Object)
18:18:45.0 (291766474)|SYSTEM_METHOD_ENTRY|[23]|String.isBlank(String)
18:18:45.0 (291782217)|SYSTEM_METHOD_EXIT|[23]|String.isBlank(String)
18:18:45.0 (291792434)|SYSTEM_METHOD_ENTRY|[24]|String.isBlank(String)
18:18:45.0 (291800606)|SYSTEM_METHOD_EXIT|[24]|String.isBlank(String)
18:18:45.0 (291804719)|STATEMENT_EXECUTE|[24]
18:18:45.0 (291806111)|STATEMENT_EXECUTE|[26]
18:18:45.0 (291810292)|HEAP_ALLOCATE|[27]|Bytes:1
18:18:45.0 (291827734)|HEAP_ALLOCATE|[27]|Bytes:32
18:18:45.0 (291831480)|VARIABLE_SCOPE_BEGIN|[26]|compositeKey|String|false|false
18:18:45.0 (291841062)|VARIABLE_ASSIGNMENT|[26]|compositeKey|"PAR&#124;ALL_ITEMS_PAR_MU (12 more) ..."
18:18:45.0 (291845433)|STATEMENT_EXECUTE|[29]
18:18:45.0 (291855187)|SYSTEM_METHOD_ENTRY|[29]|Map<String,ExceptionMessages__mdt>.put(Object, Object)
18:18:45.0 (291862754)|HEAP_ALLOCATE|[EXTERNAL]|Bytes:-4
18:18:45.0 (291869546)|SYSTEM_METHOD_EXIT|[29]|Map<String,ExceptionMessages__mdt>.put(Object, Object)
18:18:45.0 (291874945)|METHOD_ENTRY|[14]||Database.QueryLocatorIterator.hasNext()
18:18:45.0 (291892440)|METHOD_EXIT|[14]||Database.QueryLocatorIterator.hasNext()
18:18:45.0 (291896189)|METHOD_ENTRY|[14]||Database.QueryLocatorIterator.next()
18:18:45.0 (291937096)|METHOD_EXIT|[14]||Database.QueryLocatorIterator.next()
18:18:45.0 (291940713)|VARIABLE_SCOPE_BEGIN|[14]|m|ExceptionMessages__mdt|true|false
18:18:45.0 (291977296)|VARIABLE_ASSIGNMENT|[14]|m|{"Id":"m0RRR00000ACJFd2AP","DeveloperName":"BAD_SEGMENT","MessageText__c":"Market Segment is no (21 more) ...","Handler__c":"COMMON"}|0x5fd1cd0
18:18:45.0 (291982960)|STATEMENT_EXECUTE|[17]
18:18:45.0 (291984185)|STATEMENT_EXECUTE|[20]
18:18:45.0 (291995400)|SYSTEM_METHOD_ENTRY|[20]|Map<String,ExceptionMessages__mdt>.put(Object, Object)
18:18:45.0 (291998993)|HEAP_ALLOCATE|[EXTERNAL]|Bytes:-4
18:18:45.0 (292005774)|SYSTEM_METHOD_EXIT|[20]|Map<String,ExceptionMessages__mdt>.put(Object, Object)
18:18:45.0 (292015435)|SYSTEM_METHOD_ENTRY|[23]|String.isBlank(String)
18:18:45.0 (292021651)|SYSTEM_METHOD_EXIT|[23]|String.isBlank(String)
18:18:45.0 (292029232)|SYSTEM_METHOD_ENTRY|[24]|String.isBlank(String)
18:18:45.0 (292034880)|SYSTEM_METHOD_EXIT|[24]|String.isBlank(String)
18:18:45.0 (292038012)|STATEMENT_EXECUTE|[24]
18:18:45.0 (292039175)|STATEMENT_EXECUTE|[26]
18:18:45.0 (292043864)|HEAP_ALLOCATE|[27]|Bytes:18
18:18:45.0 (292047326)|VARIABLE_SCOPE_BEGIN|[26]|compositeKey|String|false|false
18:18:45.0 (292054904)|VARIABLE_ASSIGNMENT|[26]|compositeKey|"COMMON&#124;BAD_SEGMENT"
18:18:45.0 (292058512)|STATEMENT_EXECUTE|[29]
18:18:45.0 (292064731)|SYSTEM_METHOD_ENTRY|[29]|Map<String,ExceptionMessages__mdt>.put(Object, Object)
18:18:45.0 (292067669)|HEAP_ALLOCATE|[EXTERNAL]|Bytes:-4
18:18:45.0 (292074094)|SYSTEM_METHOD_EXIT|[29]|Map<String,ExceptionMessages__mdt>.put(Object, Object)
18:18:45.0 (292078416)|METHOD_ENTRY|[14]||Database.QueryLocatorIterator.hasNext()
18:18:45.0 (292092305)|METHOD_EXIT|[14]||Database.QueryLocatorIterator.hasNext()
18:18:45.0 (292095734)|METHOD_ENTRY|[14]||Database.QueryLocatorIterator.next()
18:18:45.0 (292131750)|METHOD_EXIT|[14]||Database.QueryLocatorIterator.next()
18:18:45.0 (292135095)|VARIABLE_SCOPE_BEGIN|[14]|m|ExceptionMessages__mdt|true|false
18:18:45.0 (292165686)|VARIABLE_ASSIGNMENT|[14]|m|{"Id":"m0RRR00000ACJ4L2AX","DeveloperName":"HEADER_MISSING","MessageText__c":"Header section is mi (5 more) ...","Handler__c":"COMMON"}|0x41904fe2
18:18:45.0 (292170891)|STATEMENT_EXECUTE|[17]
18:18:45.0 (292172113)|STATEMENT_EXECUTE|[20]
18:18:45.0 (292181516)|SYSTEM_METHOD_ENTRY|[20]|Map<String,ExceptionMessages__mdt>.put(Object, Object)
18:18:45.0 (292184722)|HEAP_ALLOCATE|[EXTERNAL]|Bytes:-4
18:18:45.0 (292191409)|SYSTEM_METHOD_EXIT|[20]|Map<String,ExceptionMessages__mdt>.put(Object, Object)
18:18:45.0 (292198964)|SYSTEM_METHOD_ENTRY|[23]|String.isBlank(String)
18:18:45.0 (292204981)|SYSTEM_METHOD_EXIT|[23]|String.isBlank(String)
18:18:45.0 (292212120)|SYSTEM_METHOD_ENTRY|[24]|String.isBlank(String)
18:18:45.0 (292217588)|SYSTEM_METHOD_EXIT|[24]|String.isBlank(String)
18:18:45.0 (292220654)|STATEMENT_EXECUTE|[24]
18:18:45.0 (292221822)|STATEMENT_EXECUTE|[26]
18:18:45.0 (292226054)|HEAP_ALLOCATE|[27]|Bytes:21
18:18:45.0 (292229196)|VARIABLE_SCOPE_BEGIN|[26]|compositeKey|String|false|false
18:18:45.0 (292236843)|VARIABLE_ASSIGNMENT|[26]|compositeKey|"COMMON&#124;HEADER_MISSIN (1 more) ..."
18:18:45.0 (292240336)|STATEMENT_EXECUTE|[29]
18:18:45.0 (292246630)|SYSTEM_METHOD_ENTRY|[29]|Map<String,ExceptionMessages__mdt>.put(Object, Object)
18:18:45.0 (292249490)|HEAP_ALLOCATE|[EXTERNAL]|Bytes:-4
18:18:45.0 (292255928)|SYSTEM_METHOD_EXIT|[29]|Map<String,ExceptionMessages__mdt>.put(Object, Object)
18:18:45.0 (292259932)|METHOD_ENTRY|[14]||Database.QueryLocatorIterator.hasNext()
18:18:45.0 (292272949)|METHOD_EXIT|[14]||Database.QueryLocatorIterator.hasNext()
18:18:45.0 (292276384)|METHOD_ENTRY|[14]||Database.QueryLocatorIterator.next()
18:18:45.0 (292310029)|METHOD_EXIT|[14]||Database.QueryLocatorIterator.next()
18:18:45.0 (292313389)|VARIABLE_SCOPE_BEGIN|[14]|m|ExceptionMessages__mdt|true|false
18:18:45.0 (292342370)|VARIABLE_ASSIGNMENT|[14]|m|{"Id":"m0RRR00000ACGrF2AX","DeveloperName":"INVALID_OPP_ID_ERP","MessageText__c":"PAR was not saved. N (49 more) ...","Handler__c":"PAR"}|0x678a9925
18:18:45.0 (292347629)|STATEMENT_EXECUTE|[17]
18:18:45.0 (292348814)|STATEMENT_EXECUTE|[20]
18:18:45.0 (292357678)|SYSTEM_METHOD_ENTRY|[20]|Map<String,ExceptionMessages__mdt>.put(Object, Object)
18:18:45.0 (292360884)|HEAP_ALLOCATE|[EXTERNAL]|Bytes:-4
18:18:45.0 (292367896)|SYSTEM_METHOD_EXIT|[20]|Map<String,ExceptionMessages__mdt>.put(Object, Object)
18:18:45.0 (292375341)|SYSTEM_METHOD_ENTRY|[23]|String.isBlank(String)
18:18:45.0 (292381239)|SYSTEM_METHOD_EXIT|[23]|String.isBlank(String)
18:18:45.0 (292388431)|SYSTEM_METHOD_ENTRY|[24]|String.isBlank(String)
18:18:45.0 (292393871)|SYSTEM_METHOD_EXIT|[24]|String.isBlank(String)
18:18:45.0 (292396888)|STATEMENT_EXECUTE|[24]
18:18:45.0 (292398061)|STATEMENT_EXECUTE|[26]
18:18:45.0 (292402093)|HEAP_ALLOCATE|[27]|Bytes:22
18:18:45.0 (292405323)|VARIABLE_SCOPE_BEGIN|[26]|compositeKey|String|false|false
18:18:45.0 (292412935)|VARIABLE_ASSIGNMENT|[26]|compositeKey|"PAR&#124;INVALID_OPP_ID_E (2 more) ..."
18:18:45.0 (292416263)|STATEMENT_EXECUTE|[29]
18:18:45.0 (292422299)|SYSTEM_METHOD_ENTRY|[29]|Map<String,ExceptionMessages__mdt>.put(Object, Object)
18:18:45.0 (292425245)|HEAP_ALLOCATE|[EXTERNAL]|Bytes:-4
18:18:45.0 (292431609)|SYSTEM_METHOD_EXIT|[29]|Map<String,ExceptionMessages__mdt>.put(Object, Object)
18:18:45.0 (292435478)|METHOD_ENTRY|[14]||Database.QueryLocatorIterator.hasNext()
18:18:45.0 (292448519)|METHOD_EXIT|[14]||Database.QueryLocatorIterator.hasNext()
18:18:45.0 (292451843)|METHOD_ENTRY|[14]||Database.QueryLocatorIterator.next()
18:18:45.0 (292485261)|METHOD_EXIT|[14]||Database.QueryLocatorIterator.next()
18:18:45.0 (292488513)|VARIABLE_SCOPE_BEGIN|[14]|m|ExceptionMessages__mdt|true|false
18:18:45.0 (292516432)|VARIABLE_ASSIGNMENT|[14]|m|{"Id":"m0RRR00000BL1E52AL","DeveloperName":"INVALID_PAYLOAD","MessageText__c":"Invalid request payl (3 more) ...","Handler__c":"COMMON"}|0x7e492762
18:18:45.0 (292521483)|STATEMENT_EXECUTE|[17]
18:18:45.0 (292522686)|STATEMENT_EXECUTE|[20]
18:18:45.0 (292531641)|SYSTEM_METHOD_ENTRY|[20]|Map<String,ExceptionMessages__mdt>.put(Object, Object)
18:18:45.0 (292535048)|HEAP_ALLOCATE|[EXTERNAL]|Bytes:-4
18:18:45.0 (292541816)|SYSTEM_METHOD_EXIT|[20]|Map<String,ExceptionMessages__mdt>.put(Object, Object)
18:18:45.0 (292549175)|SYSTEM_METHOD_ENTRY|[23]|String.isBlank(String)
18:18:45.0 (292554884)|SYSTEM_METHOD_EXIT|[23]|String.isBlank(String)
18:18:45.0 (292562129)|SYSTEM_METHOD_ENTRY|[24]|String.isBlank(String)
18:18:45.0 (292567549)|SYSTEM_METHOD_EXIT|[24]|String.isBlank(String)
18:18:45.0 (292570621)|STATEMENT_EXECUTE|[24]
18:18:45.0 (292571787)|STATEMENT_EXECUTE|[26]
18:18:45.0 (292576098)|HEAP_ALLOCATE|[27]|Bytes:22
18:18:45.0 (292579168)|VARIABLE_SCOPE_BEGIN|[26]|compositeKey|String|false|false
18:18:45.0 (292587213)|VARIABLE_ASSIGNMENT|[26]|compositeKey|"COMMON&#124;INVALID_PAYLO (2 more) ..."
18:18:45.0 (292590512)|STATEMENT_EXECUTE|[29]
18:18:45.0 (292596562)|SYSTEM_METHOD_ENTRY|[29]|Map<String,ExceptionMessages__mdt>.put(Object, Object)
18:18:45.0 (292599366)|HEAP_ALLOCATE|[EXTERNAL]|Bytes:-4
18:18:45.0 (292605842)|SYSTEM_METHOD_EXIT|[29]|Map<String,ExceptionMessages__mdt>.put(Object, Object)
18:18:45.0 (292609714)|METHOD_ENTRY|[14]||Database.QueryLocatorIterator.hasNext()
18:18:45.0 (292622409)|METHOD_EXIT|[14]||Database.QueryLocatorIterator.hasNext()
18:18:45.0 (292625731)|METHOD_ENTRY|[14]||Database.QueryLocatorIterator.next()
18:18:45.0 (292658984)|METHOD_EXIT|[14]||Database.QueryLocatorIterator.next()
18:18:45.0 (292662390)|VARIABLE_SCOPE_BEGIN|[14]|m|ExceptionMessages__mdt|true|false
18:18:45.0 (292690461)|VARIABLE_ASSIGNMENT|[14]|m|{"Id":"m0RRR00000ACIxt2AH","DeveloperName":"MSG_BODY_EMPTY","MessageText__c":"Message body is empt (14 more) ...","Handler__c":"COMMON"}|0x13bfbfe7
18:18:45.0 (292695259)|STATEMENT_EXECUTE|[17]
18:18:45.0 (292696383)|STATEMENT_EXECUTE|[20]
18:18:45.0 (292705486)|SYSTEM_METHOD_ENTRY|[20]|Map<String,ExceptionMessages__mdt>.put(Object, Object)
18:18:45.0 (292708450)|HEAP_ALLOCATE|[EXTERNAL]|Bytes:-4
18:18:45.0 (292715095)|SYSTEM_METHOD_EXIT|[20]|Map<String,ExceptionMessages__mdt>.put(Object, Object)
18:18:45.0 (292722912)|SYSTEM_METHOD_ENTRY|[23]|String.isBlank(String)
18:18:45.0 (292728679)|SYSTEM_METHOD_EXIT|[23]|String.isBlank(String)
18:18:45.0 (292735975)|SYSTEM_METHOD_ENTRY|[24]|String.isBlank(String)
18:18:45.0 (292741447)|SYSTEM_METHOD_EXIT|[24]|String.isBlank(String)
18:18:45.0 (292744667)|STATEMENT_EXECUTE|[24]
18:18:45.0 (292745822)|STATEMENT_EXECUTE|[26]
18:18:45.0 (292750120)|HEAP_ALLOCATE|[27]|Bytes:21
18:18:45.0 (292753492)|VARIABLE_SCOPE_BEGIN|[26]|compositeKey|String|false|false
18:18:45.0 (292761195)|VARIABLE_ASSIGNMENT|[26]|compositeKey|"COMMON&#124;MSG_BODY_EMPT (1 more) ..."
18:18:45.0 (292764431)|STATEMENT_EXECUTE|[29]
18:18:45.0 (292770729)|SYSTEM_METHOD_ENTRY|[29]|Map<String,ExceptionMessages__mdt>.put(Object, Object)
18:18:45.0 (292773679)|HEAP_ALLOCATE|[EXTERNAL]|Bytes:-4
18:18:45.0 (292780193)|SYSTEM_METHOD_EXIT|[29]|Map<String,ExceptionMessages__mdt>.put(Object, Object)
18:18:45.0 (292784275)|METHOD_ENTRY|[14]||Database.QueryLocatorIterator.hasNext()
18:18:45.0 (292797377)|METHOD_EXIT|[14]||Database.QueryLocatorIterator.hasNext()
18:18:45.0 (292800561)|METHOD_ENTRY|[14]||Database.QueryLocatorIterator.next()
18:18:45.0 (292834341)|METHOD_EXIT|[14]||Database.QueryLocatorIterator.next()
18:18:45.0 (292837631)|VARIABLE_SCOPE_BEGIN|[14]|m|ExceptionMessages__mdt|true|false
18:18:45.0 (292865610)|VARIABLE_ASSIGNMENT|[14]|m|{"Id":"m0RRR00000ACHXB2A5","DeveloperName":"NO_SOME_OPP_IN_SF","MessageText__c":"PAR was not saved. S (65 more) ...","Handler__c":"PAR"}|0x50130d2d
18:18:45.0 (292870409)|STATEMENT_EXECUTE|[17]
18:18:45.0 (292871587)|STATEMENT_EXECUTE|[20]
18:18:45.0 (292880623)|SYSTEM_METHOD_ENTRY|[20]|Map<String,ExceptionMessages__mdt>.put(Object, Object)
18:18:45.0 (292883378)|HEAP_ALLOCATE|[EXTERNAL]|Bytes:-4
18:18:45.0 (292889893)|SYSTEM_METHOD_EXIT|[20]|Map<String,ExceptionMessages__mdt>.put(Object, Object)
18:18:45.0 (292897064)|SYSTEM_METHOD_ENTRY|[23]|String.isBlank(String)
18:18:45.0 (292902683)|SYSTEM_METHOD_EXIT|[23]|String.isBlank(String)
18:18:45.0 (292909938)|SYSTEM_METHOD_ENTRY|[24]|String.isBlank(String)
18:18:45.0 (292915339)|SYSTEM_METHOD_EXIT|[24]|String.isBlank(String)
18:18:45.0 (292918325)|STATEMENT_EXECUTE|[24]
18:18:45.0 (292919468)|STATEMENT_EXECUTE|[26]
18:18:45.0 (292923640)|HEAP_ALLOCATE|[27]|Bytes:21
18:18:45.0 (292926789)|VARIABLE_SCOPE_BEGIN|[26]|compositeKey|String|false|false
18:18:45.0 (292934536)|VARIABLE_ASSIGNMENT|[26]|compositeKey|"PAR&#124;NO_SOME_OPP_IN_S (1 more) ..."
18:18:45.0 (292937858)|STATEMENT_EXECUTE|[29]
18:18:45.0 (292944007)|SYSTEM_METHOD_ENTRY|[29]|Map<String,ExceptionMessages__mdt>.put(Object, Object)
18:18:45.0 (292946804)|HEAP_ALLOCATE|[EXTERNAL]|Bytes:-4
18:18:45.0 (292953190)|SYSTEM_METHOD_EXIT|[29]|Map<String,ExceptionMessages__mdt>.put(Object, Object)
18:18:45.0 (292957062)|METHOD_ENTRY|[14]||Database.QueryLocatorIterator.hasNext()
18:18:45.0 (292970191)|METHOD_EXIT|[14]||Database.QueryLocatorIterator.hasNext()
18:18:45.0 (292973482)|METHOD_ENTRY|[14]||Database.QueryLocatorIterator.next()
18:18:45.0 (293006381)|METHOD_EXIT|[14]||Database.QueryLocatorIterator.next()
18:18:45.0 (293010416)|VARIABLE_SCOPE_BEGIN|[14]|m|ExceptionMessages__mdt|true|false
18:18:45.0 (293037418)|VARIABLE_ASSIGNMENT|[14]|m|{"Id":"m0RRR00000ACGrG2AX","DeveloperName":"NO_SUCH_OPP_IN_SF","MessageText__c":"PAR was not saved. T (67 more) ...","Handler__c":"PAR"}|0x6363f5bb
18:18:45.0 (293042233)|STATEMENT_EXECUTE|[17]
18:18:45.0 (293043541)|STATEMENT_EXECUTE|[20]
18:18:45.0 (293052371)|SYSTEM_METHOD_ENTRY|[20]|Map<String,ExceptionMessages__mdt>.put(Object, Object)
18:18:45.0 (293055173)|HEAP_ALLOCATE|[EXTERNAL]|Bytes:-4
18:18:45.0 (293061592)|SYSTEM_METHOD_EXIT|[20]|Map<String,ExceptionMessages__mdt>.put(Object, Object)
18:18:45.0 (293068910)|SYSTEM_METHOD_ENTRY|[23]|String.isBlank(String)
18:18:45.0 (293074588)|SYSTEM_METHOD_EXIT|[23]|String.isBlank(String)
18:18:45.0 (293081704)|SYSTEM_METHOD_ENTRY|[24]|String.isBlank(String)
18:18:45.0 (293087186)|SYSTEM_METHOD_EXIT|[24]|String.isBlank(String)
18:18:45.0 (293090216)|STATEMENT_EXECUTE|[24]
18:18:45.0 (293091386)|STATEMENT_EXECUTE|[26]
18:18:45.0 (293095516)|HEAP_ALLOCATE|[27]|Bytes:21
18:18:45.0 (293098718)|VARIABLE_SCOPE_BEGIN|[26]|compositeKey|String|false|false
18:18:45.0 (293106108)|VARIABLE_ASSIGNMENT|[26]|compositeKey|"PAR&#124;NO_SUCH_OPP_IN_S (1 more) ..."
18:18:45.0 (293109163)|STATEMENT_EXECUTE|[29]
18:18:45.0 (293115246)|SYSTEM_METHOD_ENTRY|[29]|Map<String,ExceptionMessages__mdt>.put(Object, Object)
18:18:45.0 (293117961)|HEAP_ALLOCATE|[EXTERNAL]|Bytes:-4
18:18:45.0 (293124445)|SYSTEM_METHOD_EXIT|[29]|Map<String,ExceptionMessages__mdt>.put(Object, Object)
18:18:45.0 (293128290)|METHOD_ENTRY|[14]||Database.QueryLocatorIterator.hasNext()
18:18:45.0 (293140989)|METHOD_EXIT|[14]||Database.QueryLocatorIterator.hasNext()
18:18:45.0 (293144405)|METHOD_ENTRY|[14]||Database.QueryLocatorIterator.next()
18:18:45.0 (293177303)|METHOD_EXIT|[14]||Database.QueryLocatorIterator.next()
18:18:45.0 (293180485)|VARIABLE_SCOPE_BEGIN|[14]|m|ExceptionMessages__mdt|true|false
18:18:45.0 (293207964)|VARIABLE_ASSIGNMENT|[14]|m|{"Id":"m0RRR00000ACJ4M2AX","DeveloperName":"PAR_HAS_NO_ITEMS","MessageText__c":"PAR was not saved be (21 more) ...","Handler__c":"PAR"}|0x54a6bc82
18:18:45.0 (293212766)|STATEMENT_EXECUTE|[17]
18:18:45.0 (293213939)|STATEMENT_EXECUTE|[20]
18:18:45.0 (293227945)|SYSTEM_METHOD_ENTRY|[20]|Map<String,ExceptionMessages__mdt>.put(Object, Object)
18:18:45.0 (293231287)|HEAP_ALLOCATE|[EXTERNAL]|Bytes:-4
18:18:45.0 (293237947)|SYSTEM_METHOD_EXIT|[20]|Map<String,ExceptionMessages__mdt>.put(Object, Object)
18:18:45.0 (293245535)|SYSTEM_METHOD_ENTRY|[23]|String.isBlank(String)
18:18:45.0 (293251282)|SYSTEM_METHOD_EXIT|[23]|String.isBlank(String)
18:18:45.0 (293258247)|SYSTEM_METHOD_ENTRY|[24]|String.isBlank(String)
18:18:45.0 (293263771)|SYSTEM_METHOD_EXIT|[24]|String.isBlank(String)
18:18:45.0 (293266751)|STATEMENT_EXECUTE|[24]
18:18:45.0 (293267964)|STATEMENT_EXECUTE|[26]
18:18:45.0 (293272165)|HEAP_ALLOCATE|[27]|Bytes:20
18:18:45.0 (293275636)|VARIABLE_SCOPE_BEGIN|[26]|compositeKey|String|false|false
18:18:45.0 (293282986)|VARIABLE_ASSIGNMENT|[26]|compositeKey|"PAR&#124;PAR_HAS_NO_ITEMS"
18:18:45.0 (293286391)|STATEMENT_EXECUTE|[29]
18:18:45.0 (293292629)|SYSTEM_METHOD_ENTRY|[29]|Map<String,ExceptionMessages__mdt>.put(Object, Object)
18:18:45.0 (293295413)|HEAP_ALLOCATE|[EXTERNAL]|Bytes:-4
18:18:45.0 (293301974)|SYSTEM_METHOD_EXIT|[29]|Map<String,ExceptionMessages__mdt>.put(Object, Object)
18:18:45.0 (293305911)|METHOD_ENTRY|[14]||Database.QueryLocatorIterator.hasNext()
18:18:45.0 (293318569)|METHOD_EXIT|[14]||Database.QueryLocatorIterator.hasNext()
18:18:45.0 (293321926)|METHOD_ENTRY|[14]||Database.QueryLocatorIterator.next()
18:18:45.0 (293355862)|METHOD_EXIT|[14]||Database.QueryLocatorIterator.next()
18:18:45.0 (293359127)|VARIABLE_SCOPE_BEGIN|[14]|m|ExceptionMessages__mdt|true|false
18:18:45.0 (293386930)|VARIABLE_ASSIGNMENT|[14]|m|{"Id":"m0RRR00000ACJM52AP","DeveloperName":"SR_EQ_BOS","MessageText__c":"PAR was not saved be (60 more) ...","Handler__c":"PAR"}|0x3a086176
18:18:45.0 (293420659)|STATEMENT_EXECUTE|[17]
18:18:45.0 (293422027)|STATEMENT_EXECUTE|[20]
18:18:45.0 (293433622)|SYSTEM_METHOD_ENTRY|[20]|Map<String,ExceptionMessages__mdt>.put(Object, Object)
18:18:45.0 (293436852)|HEAP_ALLOCATE|[EXTERNAL]|Bytes:-4
18:18:45.0 (293443880)|SYSTEM_METHOD_EXIT|[20]|Map<String,ExceptionMessages__mdt>.put(Object, Object)
18:18:45.0 (293451703)|SYSTEM_METHOD_ENTRY|[23]|String.isBlank(String)
18:18:45.0 (293457555)|SYSTEM_METHOD_EXIT|[23]|String.isBlank(String)
18:18:45.0 (293464978)|SYSTEM_METHOD_ENTRY|[24]|String.isBlank(String)
18:18:45.0 (293470392)|SYSTEM_METHOD_EXIT|[24]|String.isBlank(String)
18:18:45.0 (293473444)|STATEMENT_EXECUTE|[24]
18:18:45.0 (293474647)|STATEMENT_EXECUTE|[26]
18:18:45.0 (293479275)|HEAP_ALLOCATE|[27]|Bytes:13
18:18:45.0 (293482734)|VARIABLE_SCOPE_BEGIN|[26]|compositeKey|String|false|false
18:18:45.0 (293490278)|VARIABLE_ASSIGNMENT|[26]|compositeKey|"PAR&#124;SR_EQ_BOS"
18:18:45.0 (293493751)|STATEMENT_EXECUTE|[29]
18:18:45.0 (293499700)|SYSTEM_METHOD_ENTRY|[29]|Map<String,ExceptionMessages__mdt>.put(Object, Object)
18:18:45.0 (293502624)|HEAP_ALLOCATE|[EXTERNAL]|Bytes:-4
18:18:45.0 (293509416)|SYSTEM_METHOD_EXIT|[29]|Map<String,ExceptionMessages__mdt>.put(Object, Object)
18:18:45.0 (293513562)|METHOD_ENTRY|[14]||Database.QueryLocatorIterator.hasNext()
18:18:45.0 (293523148)|METHOD_EXIT|[14]||Database.QueryLocatorIterator.hasNext()
18:18:45.0 (293529428)|VARIABLE_ASSIGNMENT|[14]|m|null|
18:18:45.0 (293546121)|METHOD_EXIT|[55]|01pRR00000NTpbN|ExceptionMessageProvider.ensureLoaded()
18:18:45.0 (293555454)|SYSTEM_METHOD_ENTRY|[57]|String.isBlank(String)
18:18:45.0 (293572803)|SYSTEM_METHOD_EXIT|[57]|String.isBlank(String)
18:18:45.0 (293579402)|SYSTEM_METHOD_ENTRY|[58]|String.isBlank(String)
18:18:45.0 (293587598)|SYSTEM_METHOD_EXIT|[58]|String.isBlank(String)
18:18:45.0 (293591688)|STATEMENT_EXECUTE|[57]
18:18:45.0 (293592951)|STATEMENT_EXECUTE|[63]
18:18:45.0 (293596450)|HEAP_ALLOCATE|[63]|Bytes:30
18:18:45.0 (293599814)|VARIABLE_SCOPE_BEGIN|[63]|key|String|false|false
18:18:45.0 (293608231)|VARIABLE_ASSIGNMENT|[63]|key|"Orchestrator&#124;HANDLER (10 more) ..."
18:18:45.0 (293618384)|SYSTEM_METHOD_ENTRY|[65]|Map<String,ExceptionMessages__mdt>.containsKey(Object)
18:18:45.0 (293631105)|SYSTEM_METHOD_EXIT|[65]|Map<String,ExceptionMessages__mdt>.containsKey(Object)
18:18:45.0 (293634957)|STATEMENT_EXECUTE|[65]
18:18:45.0 (293636297)|STATEMENT_EXECUTE|[66]
18:18:45.0 (293638238)|HEAP_ALLOCATE|[66]|Bytes:1
18:18:45.0 (293642524)|HEAP_ALLOCATE|[66]|Bytes:30
18:18:45.0 (293647217)|METHOD_EXIT|[108]|01pRR00000NTpbN|ExceptionMessageProvider.getByHandlerAndCode(String, String)
18:18:45.0 (293662150)|METHOD_ENTRY|[107]|01pRR00000NTpbN|ExceptionMessageProvider.build(String, String, Boolean)
18:18:45.0 (293672281)|VARIABLE_SCOPE_BEGIN|[73]|base|String|false|false
18:18:45.0 (293679839)|VARIABLE_ASSIGNMENT|[73]|base|"Orchestrator:HANDLER (10 more) ..."
18:18:45.0 (293683292)|VARIABLE_SCOPE_BEGIN|[73]|value|String|false|false
18:18:45.0 (293690577)|VARIABLE_ASSIGNMENT|[73]|value|"ERP_SF_OpportunityHa (5 more) ..."
18:18:45.0 (293698088)|VARIABLE_SCOPE_BEGIN|[73]|withValue|Boolean|false|false
18:18:45.0 (293704990)|VARIABLE_ASSIGNMENT|[73]|withValue|true
18:18:45.0 (293709449)|STATEMENT_EXECUTE|[77]
18:18:45.0 (293715282)|SYSTEM_METHOD_ENTRY|[78]|String.isBlank(String)
18:18:45.0 (293724141)|SYSTEM_METHOD_EXIT|[78]|String.isBlank(String)
18:18:45.0 (293727468)|STATEMENT_EXECUTE|[78]
18:18:45.0 (293733185)|SYSTEM_METHOD_ENTRY|[82]|String.isBlank(String)
18:18:45.0 (293741829)|SYSTEM_METHOD_EXIT|[82]|String.isBlank(String)
18:18:45.0 (293745062)|STATEMENT_EXECUTE|[82]
18:18:45.0 (293746411)|STATEMENT_EXECUTE|[86]
18:18:45.0 (293748363)|HEAP_ALLOCATE|[86]|Bytes:1
18:18:45.0 (293752228)|HEAP_ALLOCATE|[86]|Bytes:56
18:18:45.0 (293756138)|METHOD_EXIT|[107]|01pRR00000NTpbN|ExceptionMessageProvider.build(String, String, Boolean)
18:18:45.0 (293761848)|METHOD_EXIT|[216]|01pRR00000NTpbN|ExceptionMessageProvider.buildByHandler(String, String, String, Boolean)
18:18:45.0 (293783176)|VARIABLE_ASSIGNMENT|[215]|this.message|"Orchestrator:HANDLER (36 more) ..."|0x2464cb73
18:18:45.0 (293787836)|STATEMENT_EXECUTE|[223]
18:18:45.0 (293794682)|METHOD_EXIT|[79]|01pRR00000NTqZ3|IntegrationOrchestrator.buildError(String, String, String, Integer)
18:18:45.0 (293803169)|METHOD_EXIT|[186]|01pRR00000NTqZ3|IntegrationOrchestrator.process(String, String)
18:18:45.0 (293807422)|VARIABLE_SCOPE_BEGIN|[185]|r|IntegrationResponse|true|false
18:18:45.0 (293888576)|VARIABLE_ASSIGNMENT|[185]|r|{"code":"HANDLER_NOT_FOUND","message":"Orchestrator:HANDLER (36 more) ...","statusCode":500,"success":false}|0x2464cb73
18:18:45.0 (293893926)|STATEMENT_EXECUTE|[194]
18:18:45.0 (293896598)|HEAP_ALLOCATE|[194]|Bytes:109
18:18:45.0 (293913304)|HEAP_ALLOCATE|[194]|Bytes:4
18:18:45.0 (294340782)|SOQL_EXECUTE_BEGIN|[194]|Aggregations:0|SELECT Id, Status__c, ErrorMessage__c, CompletedAt__c FROM ERP_InboundBatch__c WHERE Id = :tmpVar1 FOR UPDATE
18:18:45.0 (294365056)|LIMIT_USAGE|[194]|SOQL|3|200
18:18:45.0 (294371854)|LIMIT_USAGE|[194]|AGGS|0|600
18:18:45.0 (301022695)|SOQL_EXECUTE_EXPLAIN|[194]|Index on ERP_InboundBatch__c : [Id], cardinality: 1, sobjectCardinality: 1, relativeCost 1
18:18:45.0 (301034076)|SOQL_EXECUTE_END|[194]|Rows:1
18:18:45.0 (301049545)|LIMIT_USAGE|[194]|SOQL_ROWS|23|50000
18:18:45.0 (301059251)|HEAP_ALLOCATE|[194]|Bytes:8
18:18:45.0 (301072471)|HEAP_ALLOCATE|[194]|Bytes:52
18:18:45.0 (301110074)|HEAP_ALLOCATE|[194]|Bytes:8
18:18:45.0 (301122069)|HEAP_ALLOCATE|[194]|Bytes:45
18:18:45.0 (301144419)|HEAP_ALLOCATE|[194]|Bytes:12
18:18:45.0 (301150191)|VARIABLE_SCOPE_BEGIN|[194]|locked|ERP_InboundBatch__c|true|false
18:18:45.0 (301215224)|VARIABLE_ASSIGNMENT|[194]|locked|{"Status__c":"PROCESSING","Id":"a0nRR000002s6aLYAQ"}|0x61e71dae
18:18:45.0 (301236491)|METHOD_ENTRY|[201]|01pRR00000Nbi85|InboundBatchStatusProvider.isTerminal(String)
18:18:45.0 (301251782)|VARIABLE_SCOPE_BEGIN|[50]|statusKey|String|false|false
18:18:45.0 (301257762)|VARIABLE_ASSIGNMENT|[50]|statusKey|"PROCESSING"
18:18:45.0 (301268355)|HEAP_ALLOCATE|[51]|Bytes:5
18:18:45.0 (301270613)|STATEMENT_EXECUTE|[50]
18:18:45.0 (301271644)|STATEMENT_EXECUTE|[51]
18:18:45.0 (301274973)|METHOD_ENTRY|[51]|01pRR00000Nbi85|InboundBatchStatusProvider.load()
18:18:45.0 (301278918)|HEAP_ALLOCATE|[9]|Bytes:5
18:18:45.0 (301280714)|STATEMENT_EXECUTE|[8]
18:18:45.0 (301283949)|STATEMENT_EXECUTE|[9]
18:18:45.0 (301289414)|METHOD_EXIT|[51]|01pRR00000Nbi85|InboundBatchStatusProvider.load()
18:18:45.0 (301291840)|STATEMENT_EXECUTE|[52]
18:18:45.0 (301311479)|SYSTEM_METHOD_ENTRY|[52]|Map<String,Inbound_Batch_Status__mdt>.containsKey(Object)
18:18:45.0 (301319362)|SYSTEM_METHOD_EXIT|[52]|Map<String,Inbound_Batch_Status__mdt>.containsKey(Object)
18:18:45.0 (301324750)|SYSTEM_METHOD_ENTRY|[53]|Map<String,Inbound_Batch_Status__mdt>.get(Object)
18:18:45.0 (301335124)|SYSTEM_METHOD_EXIT|[53]|Map<String,Inbound_Batch_Status__mdt>.get(Object)
18:18:45.0 (301343969)|HEAP_ALLOCATE|[52]|Bytes:5
18:18:45.0 (301348444)|METHOD_EXIT|[201]|01pRR00000Nbi85|InboundBatchStatusProvider.isTerminal(String)
18:18:45.0 (301351198)|STATEMENT_EXECUTE|[201]
18:18:45.0 (301361433)|METHOD_ENTRY|[205]|01pRR00000OhS4r|InboundBatchFinalizer.isSuccess(IntegrationResponse)
18:18:45.0 (301368938)|VARIABLE_SCOPE_BEGIN|[244]|r|IntegrationResponse|true|false
18:18:45.0 (301763607)|VARIABLE_ASSIGNMENT|[244]|r|{"code":"HANDLER_NOT_FOUND","message":"Orchestrator:HANDLER (36 more) ...","statusCode":500,"success":false}|0x2464cb73
18:18:45.0 (301773582)|HEAP_ALLOCATE|[246]|Bytes:5
18:18:45.0 (301776178)|STATEMENT_EXECUTE|[244]
18:18:45.0 (301777489)|STATEMENT_EXECUTE|[246]
18:18:45.0 (301784419)|STATEMENT_EXECUTE|[248]
18:18:45.0 (301787143)|STATEMENT_EXECUTE|[252]
18:18:45.0 (301787890)|STATEMENT_EXECUTE|[256]
18:18:45.0 (301789309)|HEAP_ALLOCATE|[256]|Bytes:5
18:18:45.0 (301794255)|METHOD_EXIT|[205]|01pRR00000OhS4r|InboundBatchFinalizer.isSuccess(IntegrationResponse)
18:18:45.0 (301797689)|STATEMENT_EXECUTE|[211]
18:18:45.0 (301798601)|STATEMENT_EXECUTE|[213]
18:18:45.0 (301805415)|METHOD_ENTRY|[213]|01pRR00000Nbi85|InboundBatchStatusProvider.failed()
18:18:45.0 (301816990)|HEAP_ALLOCATE|[81]|Bytes:5
18:18:45.0 (301818867)|STATEMENT_EXECUTE|[81]
18:18:45.0 (301819735)|STATEMENT_EXECUTE|[81]
18:18:45.0 (301821735)|HEAP_ALLOCATE|[81]|Bytes:6
18:18:45.0 (301826099)|METHOD_ENTRY|[81]|01pRR00000Nbi85|InboundBatchStatusProvider.keyByRole(String)
18:18:45.0 (301831328)|VARIABLE_SCOPE_BEGIN|[35]|role|String|false|false
18:18:45.0 (301836830)|VARIABLE_ASSIGNMENT|[35]|role|"FAILED"
18:18:45.0 (301847440)|HEAP_ALLOCATE|[36]|Bytes:5
18:18:45.0 (301850934)|STATEMENT_EXECUTE|[35]
18:18:45.0 (301851887)|STATEMENT_EXECUTE|[36]
18:18:45.0 (301853964)|METHOD_ENTRY|[36]|01pRR00000Nbi85|InboundBatchStatusProvider.load()
18:18:45.0 (301857659)|HEAP_ALLOCATE|[9]|Bytes:5
18:18:45.0 (301859190)|STATEMENT_EXECUTE|[8]
18:18:45.0 (301860636)|STATEMENT_EXECUTE|[9]
18:18:45.0 (301862655)|METHOD_EXIT|[36]|01pRR00000Nbi85|InboundBatchStatusProvider.load()
18:18:45.0 (301871643)|SYSTEM_METHOD_ENTRY|[38]|Map<String,Inbound_Batch_Status__mdt>.containsKey(Object)
18:18:45.0 (301877010)|SYSTEM_METHOD_EXIT|[38]|Map<String,Inbound_Batch_Status__mdt>.containsKey(Object)
18:18:45.0 (301879686)|STATEMENT_EXECUTE|[38]
18:18:45.0 (301880613)|STATEMENT_EXECUTE|[47]
18:18:45.0 (301883689)|SYSTEM_METHOD_ENTRY|[47]|Map<String,Inbound_Batch_Status__mdt>.get(Object)
18:18:45.0 (301890318)|SYSTEM_METHOD_EXIT|[47]|Map<String,Inbound_Batch_Status__mdt>.get(Object)
18:18:45.0 (301899038)|METHOD_EXIT|[81]|01pRR00000Nbi85|InboundBatchStatusProvider.keyByRole(String)
18:18:45.0 (301902751)|METHOD_EXIT|[213]|01pRR00000Nbi85|InboundBatchStatusProvider.failed()
18:18:45.0 (302000485)|VARIABLE_ASSIGNMENT|[213]|this.Status__c|"FAILED"|0x61e71dae
18:18:45.0 (302005371)|STATEMENT_EXECUTE|[215]
18:18:45.0 (302009982)|HEAP_ALLOCATE|[219]|Bytes:2
18:18:45.0 (302019187)|HEAP_ALLOCATE|[218]|Bytes:75
18:18:45.0 (302034210)|HEAP_ALLOCATE|[215]|Bytes:-4
18:18:45.0 (302042199)|VARIABLE_ASSIGNMENT|[215]|this.ErrorMessage__c|"HANDLER_NOT_FOUND: O (55 more) ..."|0x61e71dae
18:18:45.0 (302045243)|STATEMENT_EXECUTE|[223]
18:18:45.0 (302070544)|HEAP_ALLOCATE|[223]|Bytes:8
18:18:45.0 (302089718)|DML_BEGIN|[223]|Op:Update|Type:ERP_InboundBatch__c|Rows:1
18:18:45.0 (302105828)|LIMIT_USAGE|[223]|DML|1|150
18:18:45.0 (302109650)|LIMIT_USAGE|[223]|DML_ROWS|1|10000
18:18:45.0 (302124125)|HEAP_ALLOCATE|[EXTERNAL]|Bytes:8
18:18:45.0 (323812903)|DML_END|[223]
18:18:45.0 (323953621)|METHOD_EXIT|[113]|01pRR00000OhS4r|InboundBatchFinalizer.processBatch(ERP_InboundBatch__c)
18:18:45.0 (323978357)|SYSTEM_METHOD_ENTRY|[112]|system.ListIterator.hasNext()
18:18:45.0 (323994702)|HEAP_ALLOCATE|[112]|Bytes:5
18:18:45.0 (324002231)|SYSTEM_METHOD_EXIT|[112]|system.ListIterator.hasNext()
18:18:45.0 (324019316)|VARIABLE_ASSIGNMENT|[112]|b|null|
18:18:45.0 (324026607)|SYSTEM_MODE_EXIT|false
18:18:45.0 (324052591)|CODE_UNIT_FINISHED|InboundBatchFinalizer
18:18:45.0 (324070397)|EXECUTION_FINISHED
18:18:45.324 (324635757)|CUMULATIVE_PROFILING_BEGIN
18:18:45.324 (324635757)|CUMULATIVE_PROFILING|SOQL operations|
Class.AsyncConfigProvider.getDefault: line 14, column 1: [
            SELECT SyncLimit__c, QueueLimit__c, BatchSize__c, Timeout__c
            FROM Async_Config__mdt
            WHERE IsDefault__c = true
            LIMIT 1
        ]: executed 1 time in 18 ms
Class.InboundBatchFinalizer.execute: line 45, column 1: [
            SELECT Id,
                   BatchKey__c,
                   Status__c,
                   Direction__c,
                   TotalParts__c,
                   ReceivedParts__c,
                   FirstSeenAt__c,
                   LastSeenAt__c,
                   ProcessingStartedAt__c,
                   CompletedAt__c,
                   ErrorMessage__c
            FROM ERP_InboundBatch__c
            WHERE Id IN :ids
            FOR UPDATE
        ]: executed 1 time in 17 ms
Class.ExceptionMessageProvider.ensureLoaded: line 14, column 1: [
            SELECT DeveloperName, Handler__c, MessageText__c
            FROM ExceptionMessages__mdt
        ]: executed 23 times in 15 ms
Class.InboundBatchFinalizer.processBatch: line 127, column 1: [
                SELECT PartNumber__c, Payload__c
                FROM ERP_InboundPart__c
                WHERE BatchKey__c = :batch.BatchKey__c
                ORDER BY PartNumber__c ASC
            ]: executed 1 time in 12 ms
Class.InboundBatchStatusProvider.load: line 14, column 1: [
            SELECT DeveloperName,
                   Role__c,
                   IsTerminal__c,
                   IsTimeoutEligible__c
            FROM Inbound_Batch_Status__mdt
        ]: executed 15 times in 12 ms
Class.IntegrationOrchestrator.getRoute: line 175, column 1: [
            SELECT MessageCode__c,
                   Direction__c,
                   HandlerClass__c,
                   Active__c
            FROM IntegrationMessageRoute__mdt
            WHERE MessageCode__c = :messageType
              AND Direction__c   = :direction
            LIMIT 1
        ]: executed 1 time in 11 ms
Class.InboundBatchFinalizer.processBatch: line 194, column 1: [
                SELECT Id, Status__c, ErrorMessage__c, CompletedAt__c
                FROM ERP_InboundBatch__c
                WHERE Id = :batch.Id
                FOR UPDATE
            ]: executed 1 time in 7 ms

18:18:45.324 (324635757)|CUMULATIVE_PROFILING|No profiling information for SOSL operations
18:18:45.324 (324635757)|CUMULATIVE_PROFILING|DML operations|
Class.InboundBatchFinalizer.processBatch: line 223, column 1: Update: ERP_InboundBatch__c: executed 1 time in 22 ms

18:18:45.324 (324635757)|CUMULATIVE_PROFILING|method invocations|
External entry point: global void execute(Database.BatchableContext, List<SObject>): executed 1 time in 323 ms
Class.InboundBatchFinalizer.execute: line 113, column 1: private static void processBatch(ERP_InboundBatch__c): executed 1 time in 229 ms
Class.InboundBatchFinalizer.processBatch: line 186, column 1: public static IntegrationResponse process(String, String): executed 1 time in 82 ms
Class.IntegrationOrchestrator.process: line 79, column 1: private static IntegrationResponse buildError(String, String, String, Integer): executed 1 time in 27 ms
Class.InboundBatchFinalizer.execute: line 37, column 1: public static AsyncConfig get(): executed 1 time in 21 ms
Class.AsyncConfigProvider.get: line 7, column 1: public static AsyncConfig getDefault(): executed 1 time in 21 ms
Class.ExceptionMessageProvider.buildByHandler: line 108, column 1: public static String getByHandlerAndCode(String, String): executed 1 time in 18 ms
Class.ExceptionMessageProvider.getByHandlerAndCode: line 55, column 1: private static void ensureLoaded(): executed 1 time in 18 ms
Class.IntegrationOrchestrator.buildError: line 216, column 1: public static String buildByHandler(String, String, String, Boolean): executed 1 time in 18 ms
Class.InboundBatchFinalizer.execute: line 67, column 1: public static Boolean isTerminal(String): executed 1 time in 12 ms
Class.InboundBatchStatusProvider.isTerminal: line 51, column 1: private static void load(): executed 2 times in 12 ms

18:18:45.324 (324635757)|CUMULATIVE_PROFILING_END
